genotype,devstage,arclength,x,y,x_sd,y_sd,x_sem,y_sem,curvature,curvature_sd,curvature_sem,crosssection
ecadGFPnbG4myoVI,wL3,-136.31447387012676,55.30578694756947,-89.54680741325204,9.422823186497704,2.550787767559151,4.214014636994008,1.1407469688874388,0.012610865294419496,0.02013613232145981,0.009005152134942957,Across_DV
ecadGFPnbG4myoVI,wL3,-131.12614537118438,58.50577074316489,-85.65214419695644,8.664995446027188,3.10166595605504,3.87510376840858,1.387107184247189,0.018993045635762353,0.008847985421404286,0.003956939373237421,Across_DV
ecadGFPnbG4myoVI,wL3,-125.937816872242,61.3258472278373,-81.4655736183261,7.791789489043752,3.5696260814520553,3.4845941927740363,1.5963853144765994,0.021466423703463106,0.002873366790972541,0.001285008693781006,Across_DV
ecadGFPnbG4myoVI,wL3,-120.74948837329961,63.67512952460618,-76.98291701084597,6.908175708732737,3.924748741343061,3.0894300970478374,1.7552009960499646,0.022208082387765875,0.004124266791914979,0.0018444281808133744,Across_DV
ecadGFPnbG4myoVI,wL3,-115.56115987435723,65.50352403974418,-72.24581770049096,6.075369736659244,4.15232148537767,2.716987943923013,1.8569746211474738,0.022103937515804212,0.005450278792770877,0.002437438775392234,Across_DV
ecadGFPnbG4myoVI,wL3,-110.37283137541485,66.78660396922649,-67.31676786121258,5.317931283365161,4.260644678685959,2.378251169855439,1.9054182259029107,0.021502932036898653,0.00507400442737611,0.0022691637635495754,Across_DV
ecadGFPnbG4myoVI,wL3,-105.18450287647246,67.51763281594272,-62.264276913679524,4.637572359614365,4.276981974478251,2.073985409334364,1.912724486694928,0.02074179885113126,0.003983123118401327,0.001781306811099262,Across_DV
ecadGFPnbG4myoVI,wL3,-99.99617437753008,67.70198433245551,-57.15496487729082,4.025630471618879,4.237246466972716,1.80031667736687,1.8949542275143623,0.020086464020829302,0.003049720791529304,0.0013638766004507976,Across_DV
ecadGFPnbG4myoVI,wL3,-94.8078458785877,67.35196794696611,-52.047478898480826,3.4724647572526215,4.173175192898764,1.5529334493378335,1.8663006826674868,0.019533378783022897,0.002523146598187308,0.0011283854621488335,Across_DV
ecadGFPnbG4myoVI,wL3,-89.61951737964532,66.48413451891618,-46.99072571142989,2.971795526193659,4.104632185383704,1.3290273623597557,1.8356473178302959,0.01895446544674701,0.0022785795583734696,0.0010190117569329057,Across_DV
ecadGFPnbG4myoVI,wL3,-84.43118888070293,65.11913732815326,-42.02637448030349,2.5203782832140456,4.039582484136042,1.1271474340561645,1.806556207049131,0.01829011264418117,0.0021399484696993914,0.0009570140493188976,Across_DV
ecadGFPnbG4myoVI,wL3,-79.24286038176055,63.28186775204807,-37.191728352832186,2.1163586812148116,3.9762930745330993,0.9464643751936251,1.7782523226235294,0.0175597316578024,0.0019602288643379645,0.0008766409984233804,Across_DV
ecadGFPnbG4myoVI,wL3,-74.05453188281817,61.001478125109756,-32.52237714483947,1.7577776735768529,3.9059194064367477,0.7861020734898557,1.7467802614856394,0.016852000726813508,0.0016877563440431881,0.0007547875829474181,Across_DV
ecadGFPnbG4myoVI,wL3,-68.86620338387578,58.3107490734978,-28.053683915414204,1.441935212034736,3.815613787912865,0.6448530306520485,1.7063943611317263,0.016276550667579985,0.001388204905968888,0.0006208241072890275,Across_DV
ecadGFPnbG4myoVI,wL3,-63.6778748849334,55.2448075845957,-23.821012894742033,1.1659476772002095,3.691718762996044,0.5214276528855301,1.650986821574118,0.01591680091189951,0.0011864984985076243,0.0005306182595728961,Across_DV
ecadGFPnbG4myoVI,wL3,-58.48954638599102,51.839878396429995,-19.859339929933885,0.9280105545577568,3.522499216315345,0.4150189367656843,1.5753095396741694,0.01578550364013297,0.0012101083220763871,0.0005411768936602022,Across_DV
ecadGFPnbG4myoVI,wL3,-53.30121788704864,48.13235408066936,-16.20179694887718,0.7286328295137233,3.2998550605867893,0.3258545074861401,1.4757400462737496,0.015835517762743223,0.001426193315379784,0.0006378130404489986,Across_DV
ecadGFPnbG4myoVI,wL3,-48.112889388106254,44.15802350681418,-12.877678302339532,0.5714100025401734,3.020574314026926,0.255542321740631,1.3508418994508007,0.01597243373219879,0.0016380087764524796,0.0007325397943778002,Across_DV
ecadGFPnbG4myoVI,wL3,-42.92456088916387,39.9513242650125,-9.910457544743988,0.46200819517294583,2.6875911281130827,0.2066163461137394,1.2019272916372397,0.016073628755977187,0.001670534676913394,0.0007470858192697994,Across_DV
ecadGFPnbG4myoVI,wL3,-37.73623239022149,35.54477280754794,-7.316298206827653,0.4023180898254156,2.310671744073135,0.17992211948549916,1.0333638186871053,0.01603009370116799,0.001448964891594829,0.0006479967989233302,Across_DV
ecadGFPnbG4myoVI,wL3,-32.547903891279105,30.96868728541538,-5.103489090601902,0.38131990784422465,1.9061671954171948,0.17053144702272832,0.8524638850865947,0.015784263957600495,0.0010852881127282616,0.00048535559904656954,Across_DV
ecadGFPnbG4myoVI,wL3,-27.359575392336723,26.251221241107054,-3.27292404500666,0.37652162279707785,1.495814125367317,0.1683855887145601,0.6689484132051426,0.015338718951784236,0.0010925860441085128,0.0004886193331788436,Across_DV
ecadGFPnbG4myoVI,wL3,-22.17124689339434,21.418619278719007,-1.8193107280033534,0.3666257787849526,1.1048294056044623,0.16396003273339085,0.49409473089445294,0.014743767782729855,0.0017603287851175019,0.0007872429652544708,Across_DV
ecadGFPnbG4myoVI,wL3,-16.982918394451957,16.495371599714982,-0.732710545236498,0.33827050885252724,0.7602169775330951,0.15127917051553905,0.3399793678826862,0.014063643590826017,0.002654588765855716,0.0011871681865521307,Across_DV
ecadGFPnbG4myoVI,wL3,-11.794589895509574,11.50433297288879,-0.00014858606479738467,0.28539954184495103,0.48950945969661824,0.12763455526252124,0.21891528550216638,0.013359866381489855,0.003493627231347526,0.0015623975954674903,Across_DV
ecadGFPnbG4myoVI,wL3,-6.6062613965671915,6.466841232589227,0.39277551008096234,0.20752898512362714,0.31900304266012475,0.09280978360759456,0.14266249768346084,0.012687536939664124,0.004120049626447026,0.001842542207081633,Across_DV
ecadGFPnbG4myoVI,wL3,-1.4179328976248087,1.402835776945049,0.46027668734001165,0.10962911048498558,0.2615139389718299,0.049027628671452536,0.11695258892094862,0.012101151027601708,0.0044204843237103915,0.001976900688257724,Across_DV
ecadGFPnbG4myoVI,wL3,3.770395601317574,-3.669022051006646,0.21477675140536076,0.03413828919900428,0.303384099889719,0.015267107056904082,0.1356774941291996,0.011658996047992743,0.004326767163730578,0.001934989100183107,Across_DV
ecadGFPnbG4myoVI,wL3,8.958724100259957,-8.731097278059197,-0.3344840820573214,0.1300073861245895,0.4434225653936397,0.05814107059032901,0.19830459979550483,0.011391005472469195,0.0039061977696500105,0.0017469047492990977,Across_DV
ecadGFPnbG4myoVI,wL3,14.14705259920234,-13.765956674252845,-1.1818788595634073,0.23286372502835875,0.6868732859628498,0.10413982373144585,0.30717907186831683,0.011315697136889966,0.0032940401146881867,0.0014731395234107978,Across_DV
ecadGFPnbG4myoVI,wL3,19.335381098144723,-18.75516643885738,-2.3251948454260383,0.31365199801266724,1.020733561302252,0.14026943776699058,0.4564859259974568,0.011452811786599137,0.002622001028364654,0.001172594507299544,Across_DV
ecadGFPnbG4myoVI,wL3,24.523709597087105,-23.678058877649455,-3.765382694598332,0.366584485777137,1.4222642758279709,0.1639415659388966,0.6360559205441707,0.011817936148367781,0.002014998805817153,0.0009011348608776106,Across_DV
ecadGFPnbG4myoVI,wL3,29.712038096029488,-28.51049906602638,-5.50630560186328,0.4012448317888376,1.8659700611493912,0.17944214390006186,0.8344871801418956,0.012423439420010124,0.001579641762642563,0.0007064372722732717,Across_DV
ecadGFPnbG4myoVI,wL3,34.90036659497187,-33.22365151504949,-7.554488447762912,0.4493615453257972,2.3263334139603216,0.20096059236456706,1.0403679303888873,0.013284124325530205,0.0013458916830238398,0.0006019010587185811,Across_DV
ecadGFPnbG4myoVI,wL3,40.088695093914254,-37.78277303015821,-9.918850201169317,0.5531951782710093,2.779713219869172,0.24739640468781826,1.2431255435164574,0.014408122358285836,0.001277447323329696,0.0005712918105280707,Across_DV
ecadGFPnbG4myoVI,wL3,45.27702359285664,-42.14676039423485,-12.609927312668336,0.7291029993146082,3.2060644235658584,0.3260647738132893,1.4337955982673876,0.015716247110186408,0.0015291695188087968,0.0006838653986354226,Across_DV
ecadGFPnbG4myoVI,wL3,50.46535209179902,-46.26983294286628,-15.637412093644434,0.9608958696983859,3.590158878439212,0.42972569678887423,1.6055678604428965,0.017082112015929202,0.0022247774159093853,0.0009949507073559415,Across_DV
ecadGFPnbG4myoVI,wL3,55.6536805907414,-50.10417462455512,-19.00689764526004,1.2257733181129136,3.9223232417799005,0.5481824928611898,1.75411627966944,0.01836022958225226,0.003119885906415561,0.0013952553937577482,Across_DV
ecadGFPnbG4myoVI,wL3,60.842009089683785,-53.60261780363828,-22.71712018220515,1.5106088006496132,4.198601917169305,0.6755647931323927,1.8776718594503015,0.019353645707702677,0.003748133179531598,0.0016762161156310153,Across_DV
ecadGFPnbG4myoVI,wL3,66.03033758862617,-56.72132401773689,-26.75749458175157,1.8164829799346134,4.420547273467796,0.8123558846210364,1.9769288402450687,0.01985948298781818,0.00362762414146902,0.0016223228354288084,Across_DV
ecadGFPnbG4myoVI,wL3,71.21866608756855,-59.42246326930816,-31.10566765916921,2.15687671298379,4.594610505652417,0.9645845898636114,2.0547722841546974,0.01979769869062315,0.00257719082155478,0.0011525547735970036,Across_DV
ecadGFPnbG4myoVI,wL3,76.40699458651093,-61.67676463258847,-35.72521825617011,2.5503221833601435,4.730660909680908,1.1405387533037927,2.1156158745095004,0.019352287840432095,0.0018301927008275095,0.0008184870581948493,Across_DV
ecadGFPnbG4myoVI,wL3,81.59532308545332,-63.46436143781578,-40.565331070084326,3.0105912047644834,4.8388415317234434,1.3463773172632747,2.163995719456565,0.018908827939713286,0.003384146463909516,0.0015134363078234433,Across_DV
ecadGFPnbG4myoVI,wL3,86.7836515843957,-64.7724665425809,-45.564469919454325,3.5429722602674794,4.925600773986222,1.584465363270832,2.202795632131754,0.0186797044278823,0.005220879192200888,0.002334848155215075,Across_DV
ecadGFPnbG4myoVI,wL3,91.97198008333808,-65.59217189281472,-50.65563763651744,4.150306118101701,4.991549212988661,1.8560733215017349,2.2322886706556444,0.018713788548693867,0.006248875510310846,0.0027945820847977477,Across_DV
ecadGFPnbG4myoVI,wL3,97.16030858228046,-65.9152388304134,-55.771733517584984,4.839471685370945,5.031406871752092,2.1642775327349817,2.250113557539449,0.01907587622164243,0.0058709080143008584,0.0026255498819250053,Across_DV
ecadGFPnbG4myoVI,wL3,102.34863708122285,-65.73085260409474,-60.850800374781514,5.618697760808661,5.035054061710892,2.5127580276388035,2.251744630474395,0.019998065554454925,0.0037386045798730562,0.001671954796317639,Across_DV
ecadGFPnbG4myoVI,wL3,107.53696558016523,-65.02322680755375,-65.84141771847197,6.483261730792598,4.988391285648889,2.899402789195038,2.230876402615697,0.021406535661771996,0.003780116974988558,0.0016905197037950575,Across_DV
ecadGFPnbG4myoVI,wL3,112.72529407910761,-63.77854322381518,-70.7111157375791,7.392229823850591,4.875226003897528,3.3059056782862433,2.1802673500779055,0.021252518364577345,0.008539947407664651,0.0038191805855622533,Across_DV
ecadGFPnbG4myoVI,wL3,117.91362257805,-62.01805732681667,-75.45442411383945,8.260669902761725,4.684757092210059,3.6942838884523588,2.0950870632511887,0.01602746364086086,0.009723632824589414,0.004348540796806044,Across_DV
ecadGFPnbG4myoVI,wL3,123.10195107699238,-59.858568990262214,-80.0971135425278,8.978834096099574,4.427859745175785,4.015456679514305,1.98019907700959,0.004849398329564441,0.014919083454234629,0.0066720169531322,Across_DV
ecadGFPnbG4myoVI,wL3,128.29027957593476,-57.58027083936345,-84.7008847348463,9.419005467582247,4.161928573442209,4.212307301191219,1.8612710415431009,-0.013842401079474001,0.03287655559837443,0.014702842636803298,Across_DV
ecadGFPnbG4myoVI,wL3,133.47860807487714,-55.695022605466285,-89.36826739988187,9.43999792422928,4.030516168153779,4.2216954132067155,1.8025016272807646,-0.03886196909022251,0.05355222556769166,0.02394928334315216,Across_DV
ecadGFPnbG4myoVI,0hAPF,-189.95581591838067,35.162079243249586,-110.34524337186811,9.273946814962944,6.843676033621541,5.354315690069129,3.9511982002579873,0.02966740331619643,0.016904539338559607,0.009759840337644009,Across_DV
ecadGFPnbG4myoVI,0hAPF,-184.86596365555894,39.94098886773967,-110.69251840233686,9.381102499750504,6.539779261017152,5.416182053526425,3.7757433167889847,0.03353449018991536,0.014674318018628785,0.008472221458229505,Across_DV
ecadGFPnbG4myoVI,0hAPF,-179.7761113927372,44.71229892196823,-110.22414260007774,9.256260286416612,6.286887849415267,5.344104368051874,3.629736392224892,0.033991204597686175,0.012413241373354719,0.007166788248422147,Across_DV
ecadGFPnbG4myoVI,0hAPF,-174.68625912991547,49.37499124565313,-108.94228687075825,8.98019068455423,6.055313387637353,5.184715509101555,3.4960368143799707,0.031786252636331225,0.010304324779735257,0.005949204685397482,Across_DV
ecadGFPnbG4myoVI,0hAPF,-169.59640686709375,53.84283829991691,-106.9031588439686,8.619045067311786,5.848678428503665,4.976207989769976,3.3767360651001486,0.02836539293557025,0.008545893454310156,0.00493397388631183,Across_DV
ecadGFPnbG4myoVI,0hAPF,-164.506554604272,58.0433971751308,-104.1990218651177,8.224935947878993,5.674399829357237,4.748668983575367,3.2761162689689676,0.024913457477066064,0.006773925383982777,0.003910927643912896,Across_DV
ecadGFPnbG4myoVI,0hAPF,-159.41670234145028,61.91700531105564,-100.94022321584036,7.833992699773709,5.530027705682609,4.522957794043914,3.1927629845019427,0.022167316822327022,0.004974113913651562,0.0028718060070265926,Across_DV
ecadGFPnbG4myoVI,0hAPF,-154.32685007862852,65.4159758742972,-97.23829839747606,7.464304784056138,5.404847561186459,4.3095183763882225,3.1204901943798946,0.020361149359137073,0.003742815569344899,0.0021609155764884,Across_DV
ecadGFPnbG4myoVI,0hAPF,-149.2369978158068,68.50484218359694,-93.19500583483774,7.117358261568989,5.290215946766543,4.109208708235863,3.054307600936915,0.019398350074173044,0.0037817104063267905,0.002183371521089982,Across_DV
ecadGFPnbG4myoVI,0hAPF,-144.14714555298508,71.16042757149232,-88.89712134290835,6.783497110835652,5.186175518571907,3.9164538829880127,2.9942398317121377,0.01905726867033148,0.004567679236756952,0.002637150836913491,Across_DV
ecadGFPnbG4myoVI,0hAPF,-139.05729329016333,73.36945429412509,-84.41422894226916,6.44845360129345,5.0991536362595715,3.7230164225635853,2.9439977245337228,0.019090199178049137,0.005176445817584809,0.002988622386228102,Across_DV
ecadGFPnbG4myoVI,0hAPF,-133.9674410273416,75.12546673577063,-79.79798281200313,6.099281567694586,5.036085880686968,3.521421854971792,2.9075855388766945,0.01919572920299076,0.005227382296636926,0.0030180305761204136,Across_DV
ecadGFPnbG4myoVI,0hAPF,-128.87758876451988,76.42708480366252,-75.08402810523101,5.727575764685265,5.000799008133771,3.3068174095450145,2.887212653509246,0.019120215409269215,0.004721729879514498,0.0027260920169783947,Across_DV
ecadGFPnbG4myoVI,0hAPF,-123.78773650169815,77.27725650869844,-70.29584399433314,5.330237437700215,4.992897688523918,3.0774140195008406,2.8826508245055447,0.018741740764732024,0.003876812802030835,0.00223827891485029,Across_DV
ecadGFPnbG4myoVI,0hAPF,-118.69788423887641,77.68260505882303,-65.44876853926986,4.909208971976281,5.007362375710212,2.834333121478632,2.891002015546295,0.018051387787998988,0.0030577033566832603,0.0017653658560831027,Across_DV
ecadGFPnbG4myoVI,0hAPF,-113.60803197605469,77.65277604192158,-60.55402372810255,4.470576068126008,5.034858129649459,2.58108829636525,2.906876696484691,0.01711623197534148,0.002608477840268069,0.0015060053832539435,Across_DV
ecadGFPnbG4myoVI,0hAPF,-108.51817971323295,77.19978460871393,-55.622740517514984,4.023284735044419,5.062797630297275,2.322844524804408,2.923007574704731,0.01605094383519601,0.00251289474221868,0.0014508204558651503,Across_DV
ecadGFPnbG4myoVI,0hAPF,-103.42832745041122,76.33736359622635,-50.66996123704206,3.577654132493774,5.076926067200222,2.0655595764626575,2.931164631553876,0.015001306602596638,0.002437812292256948,0.0014074715831683276,Across_DV
ecadGFPnbG4myoVI,0hAPF,-98.3384751875895,75.08034336494921,-45.717996773645915,3.143804625568803,5.063147735185578,1.815076446851739,2.9232097078562376,0.014106412382429975,0.0021839497675036775,0.0012609039861648688,Across_DV
ecadGFPnbG4myoVI,0hAPF,-93.24862292476776,73.4442793028231,-40.797941313577326,2.730281406604702,5.009660888594694,1.576328705066655,2.8923290625788867,0.013472384990155175,0.0017586515026976122,0.0010153579184932063,Across_DV
ecadGFPnbG4myoVI,0hAPF,-88.15877066194602,71.44562289657824,-35.949976832090414,2.3434349807542905,4.909427551822324,1.3529828169668752,2.834459318611584,0.013182380164575866,0.001255536618155908,0.0007248844044697459,Across_DV
ecadGFPnbG4myoVI,0hAPF,-83.0689183991243,69.10193372873705,-31.222228373815625,1.9874467562455833,4.76129183979596,1.1474529197184362,2.748933125396566,0.01327591540354299,0.0007509156613599973,0.00043354135922490033,Across_DV
ecadGFPnbG4myoVI,0hAPF,-77.97906613630256,66.43182108932416,-26.66794262751247,1.664702423611213,4.569011048168495,0.9611163923925562,2.6379197585904546,0.013753879617429162,0.0003375233432942892,0.00019486919310874036,Across_DV
ecadGFPnbG4myoVI,0hAPF,-72.88921387348083,63.454829099153436,-22.34233361584678,1.3761951563252235,4.339913254829254,0.794546643961827,2.5056500859352946,0.01458705656359588,0.00041925185524516347,0.00024205517148404517,Across_DV
ecadGFPnbG4myoVI,0hAPF,-67.7993616106591,60.191321235590806,-18.29942486397588,1.1218962429953163,4.083615674462856,0.6477270978961757,2.3576766089181054,0.015708801054582115,0.0008047399409260344,0.0004646168215212895,Across_DV
ecadGFPnbG4myoVI,0hAPF,-62.70950934783737,56.66236485831714,-14.588891568133816,0.9011224454869924,3.8108108325748233,0.520263286474729,2.200172660017816,0.016994799731980943,0.0011563138310168454,0.0006675981016052631,Across_DV
ecadGFPnbG4myoVI,0hAPF,-57.61965708501563,52.889615735091276,-11.252902764216694,0.712963332403426,3.5321026456251055,0.4116295718854507,2.039260413257044,0.018239761133384966,0.0013823870749632243,0.000798121549854277,Across_DV
ecadGFPnbG4myoVI,0hAPF,-52.52980482219391,48.89520255688657,-8.322963567587122,0.5568473661546378,3.2568340777381874,0.32149597674691427,1.8803340314880892,0.019150549811621658,0.0014065831545458842,0.0008120911629146593,Across_DV
ecadGFPnbG4myoVI,0hAPF,-47.43995255937216,44.70159939642394,-5.816838628202362,0.4332254927334171,2.9917746305373525,0.25012285484944663,1.7273018882954336,0.019416974524451385,0.0012100111944841855,0.0006986002888579051,Across_DV
ecadGFPnbG4myoVI,0hAPF,-42.35010029655044,40.33136248294495,-3.736469406399614,0.3438653891140584,2.7393002076289497,0.19853077496999705,1.5815357122657718,0.018860340381896202,0.0008195073811998063,0.00047314280713859345,Across_DV
ecadGFPnbG4myoVI,0hAPF,-37.260248033728715,35.80675732923602,-2.068294113861636,0.2899016047848657,2.4957235390065935,0.16737476956104672,1.4409066570683424,0.017526344164880442,0.0002616934492867016,0.00015108878339083887,Across_DV
ecadGFPnbG4myoVI,0hAPF,-32.170395770906964,31.149614388224723,-0.786034786518608,0.2665141613129176,2.2519332426650402,0.15387202277686032,1.3001542638497279,0.015625931934463867,0.0004298848466701143,0.0002481941319455315,Across_DV
ecadGFPnbG4myoVI,0hAPF,-27.080543508085242,26.381296668995276,0.1457348696867207,0.26060576719487466,1.9951487883199404,0.15046080984232985,1.1518996900098732,0.013438753135212277,0.001122668034809432,0.0006481726921078138,Across_DV
ecadGFPnbG4myoVI,0hAPF,-21.99069124526352,21.522671630258795,0.7679932604234233,0.25690973172452813,1.710866038431616,0.14832690276859087,0.9877689678358822,0.011230934449830142,0.0017429574031002815,0.0010062969258659987,Across_DV
ecadGFPnbG4myoVI,0hAPF,-16.90083898244177,16.594083073823864,1.1236746845967096,0.24412089528379505,1.3849114508001434,0.14094326460691153,0.799578998923258,0.009212511258607626,0.0022128516864678965,0.0012775905168589574,Across_DV
ecadGFPnbG4myoVI,0hAPF,-11.810986719620047,11.615323038067055,1.2540731159722758,0.2159905100720631,1.0055254309444666,0.12470217913251021,0.5805403782328022,0.007536191107419745,0.002478864710609249,0.0014311732079549137,Across_DV
ecadGFPnbG4myoVI,0hAPF,-6.721134456798325,6.605603691403275,1.195245984800669,0.17079880618598073,0.5654164013498486,0.0986107367287427,0.3264433115235646,0.006318438922733295,0.0025010341175329695,0.0014439727210100982,Across_DV
ecadGFPnbG4myoVI,0hAPF,-1.631282193976574,1.5835292257562728,0.9744179594416159,0.11270980249300212,0.0644796762492576,0.06507303480964434,0.0372273584397688,0.005665884577746895,0.0022454635030337614,0.0012964189579320223,Across_DV
ecadGFPnbG4myoVI,0hAPF,3.458570068845148,-3.43293202637463,0.6063938402845727,0.0668755251132953,0.4927558426837052,0.038610602426358616,0.2844927184181981,0.00568437283207343,0.0017185882090932367,0.0009922273651460972,Across_DV
ecadGFPnbG4myoVI,0hAPF,8.54842233166687,-8.426456190600016,0.09075735163257732,0.10017758722288832,1.0862492494621931,0.05783755694990179,0.6271462965840262,0.006343370936580839,0.0012619076447856134,0.0007285627184094206,Across_DV
ecadGFPnbG4myoVI,0hAPF,13.638274594488621,-13.38027965454004,-0.587148366820704,0.1716788850694703,1.6924271978137595,0.0991188505090335,0.9771232982416181,0.0075328186399723565,0.001762576535981845,0.0010176240375164363,Across_DV
ecadGFPnbG4myoVI,0hAPF,18.728126857310343,-18.278048125129327,-1.452520120297586,0.23545667456563563,2.281901194825505,0.13594097444296385,1.317456269096634,0.009135955040946548,0.0030783741220291056,0.0017773001280198821,Across_DV
ecadGFPnbG4myoVI,0hAPF,23.817979120132065,-23.103659520054844,-2.5371427394163697,0.2735411835309521,2.824430173747007,0.15792907594604402,1.630685521120136,0.010987750930921828,0.0046389315145530545,0.0026782883586794447,Across_DV
ecadGFPnbG4myoVI,0hAPF,28.907831382953816,-27.841106853974058,-3.8754369479601043,0.27282159969690434,3.292583805333011,0.15751362402575206,1.9009741463384164,0.012835223247245134,0.006079457130638691,0.003509976210901038,Across_DV
ecadGFPnbG4myoVI,0hAPF,33.99768364577554,-32.4743211247331,-5.5005072306453116,0.22275474494955333,3.6654359654964086,0.12860751195989106,2.1162404413766875,0.014344733846754604,0.0070083269171641056,0.004046259432193597,Across_DV
ecadGFPnbG4myoVI,0hAPF,39.08753590859726,-36.98701419958518,-7.4401897008908024,0.11603942876962871,3.932134083272884,0.06699539543675555,2.270218671467302,0.015203874203590857,0.007071220310287162,0.004082570949643442,Across_DV
ecadGFPnbG4myoVI,0hAPF,44.17738817141901,-41.36252141613295,-9.713101670163388,0.053844053539137626,4.0949619460417965,0.031086878805081732,2.3642273818685053,0.015286040613449606,0.006148348996034598,0.0035497509479323406,Across_DV
ecadGFPnbG4myoVI,0hAPF,49.26724043424073,-45.583600609648386,-12.32509927761267,0.2790781000847161,4.170735311870311,0.16112581620884017,2.4079751550270023,0.01481307462221409,0.00454361482946661,0.002623257244886523,Across_DV
ecadGFPnbG4myoVI,0hAPF,54.357092697062455,-49.632060974367086,-15.268769906035866,0.5580413992340058,4.187667892646536,0.3221853520667087,2.4177511850962303,0.014172118588632128,0.002744478400058926,0.0015845253430591343,Across_DV
ecadGFPnbG4myoVI,0hAPF,59.446944959884206,-53.48845039451925,-18.526135564938645,0.8792040366326295,4.177800165844539,0.5076086872224542,2.4120540503708083,0.013622490206164859,0.001227749612768294,0.0007088415694292334,Across_DV
ecadGFPnbG4myoVI,0hAPF,64.53679722270593,-57.13203640075085,-22.07170492193516,1.2292862681225658,4.167981858151356,0.7097287578116739,2.406385447781162,0.013279741350940018,0.0012066042104474275,0.0006966332657071582,Across_DV
ecadGFPnbG4myoVI,0hAPF,69.62664948552765,-60.54096093557277,-25.875408743302174,1.5936382511537033,4.172415547568674,0.920087473294475,2.408945239559754,0.013171746529830356,0.002201951913402504,0.0012712975299455473,Across_DV
ecadGFPnbG4myoVI,0hAPF,74.7165017483494,-63.692410541099356,-29.905524526924196,1.957496117449822,4.190340458596065,1.130160910347302,2.419294191766618,0.013289577699581265,0.0030032198033557106,0.0017339097619030346,Across_DV
ecadGFPnbG4myoVI,0hAPF,79.80635401117115,-66.5627865579783,-34.13160112739617,2.307242890415417,4.210344141720065,1.3320873038671912,2.430843323603044,0.0136222566078087,0.0033965828282071357,0.0019610180101902503,Across_DV
ecadGFPnbG4myoVI,0hAPF,84.89620627399285,-69.1278753667296,-38.527383114120674,2.631632315147363,4.21905317563436,1.5193736255584482,2.4358714866778435,0.014171588739215315,0.0032698908664777256,0.0018878723719816136,Across_DV
ecadGFPnbG4myoVI,0hAPF,89.9860585368146,-71.36305626309966,-43.07348039089061,2.922903046594352,4.209773984612371,1.6875388607664266,2.4305141432434363,0.01489142162655128,0.002624939688442604,0.0015155096357288699,Across_DV
ecadGFPnbG4myoVI,0hAPF,95.07591079963635,-73.24379489292993,-47.75733643431219,3.177150980625063,4.186641806591727,1.8343289739199637,2.4171587740362748,0.015657783137682672,0.0016635689332790235,0.0009604619714441429,Across_DV
ecadGFPnbG4myoVI,0hAPF,100.16576306245804,-74.74621152243442,-52.569359564325545,3.3934025022240104,4.162817134967316,1.959181848127782,2.403403593460567,0.016346896686195583,0.0008745672940327693,0.0005049316626342619,Across_DV
ecadGFPnbG4myoVI,0hAPF,105.25561532527979,-75.84748384503457,-57.49816679065136,3.5722701900571914,4.155267654351124,2.062451155847595,2.3990448987945663,0.016876774303603792,0.001314764018586472,0.0007590793600517337,Across_DV
ecadGFPnbG4myoVI,0hAPF,110.34546758810154,-76.52610080875648,-62.525917994252836,3.7147948934652977,4.1793055760208615,2.1447378317264367,2.4129231993413485,0.01728916161534075,0.002322060953361228,0.001340642516497824,Across_DV
ecadGFPnbG4myoVI,0hAPF,115.43531985092324,-76.76151517516489,-67.62415424574117,3.8217875142267634,4.245886330740754,2.206510050124373,2.451363616001727,0.017759829223907165,0.0034750597584607295,0.002006326686997338,Across_DV
ecadGFPnbG4myoVI,0hAPF,120.52517211374499,-76.53338334324276,-72.7499821860814,3.894085606739591,4.36254156640823,2.24825137329855,2.518714547716723,0.018557396164023608,0.00484544389053237,0.0027975183345420912,Across_DV
ecadGFPnbG4myoVI,0hAPF,125.61502437656674,-75.82076937133498,-77.84228845107205,3.934099763886305,4.536106166218887,2.2713535576986015,2.6189221161391956,0.0199878917970872,0.006429295664856299,0.0037119555828044786,Across_DV
ecadGFPnbG4myoVI,0hAPF,130.70487663938843,-74.60138859766857,-82.81831322812299,3.9489442016383265,4.774313769415647,2.2799239978306995,2.7564513399678607,0.022257837546140746,0.008032993798043104,0.0046378511316987805,Across_DV
ecadGFPnbG4myoVI,0hAPF,135.79472890221018,-72.8521210578017,-87.57645149507886,3.9553061242268046,5.085469526696751,2.283597055549721,2.936097200194008,0.02480763741957832,0.008815137687448836,0.0050894221167922015,Across_DV
ecadGFPnbG4myoVI,0hAPF,140.88458116503193,-70.55696396364124,-92.01448289528987,3.9886654741891645,5.4740857633590005,2.3028570852304804,3.160464889042417,0.026176077253006608,0.007309819641498866,0.004220326337746984,Across_DV
ecadGFPnbG4myoVI,0hAPF,145.97443342785363,-67.72334808089653,-96.05703809532919,4.106244578240844,5.931363553416122,2.370741412605793,3.4244743442263332,0.02511095849096121,0.0032317744968534223,0.0018658658757184907,Across_DV
ecadGFPnbG4myoVI,0hAPF,151.06428569067538,-64.39997630290391,-99.68430978173357,4.356409095017529,6.424160910549569,2.5151739637085044,3.708991031023265,0.02088378606341691,0.0036994142219514406,0.0021358577968875942,Across_DV
ecadGFPnbG4myoVI,0hAPF,156.15413795349713,-60.69469331773778,-102.9607831096417,4.7167426122249125,6.880554359952918,2.723212616866232,3.9724899118926706,0.012421684035782846,0.012544262510940108,0.007242433337476603,Across_DV
ecadGFPnbG4myoVI,0hAPF,161.24399021631882,-56.79359682143659,-106.06458719758734,5.054545046671614,7.174344373974801,2.918242943326946,4.142109655573429,-0.0035266018117206554,0.02595921581255443,0.01498756023732989,Across_DV
ecadGFPnbG4myoVI,0hAPF,166.33384247914057,-52.98567006684588,-109.31960850460268,5.1699103852535355,7.122177233163164,2.984849152612371,4.111990942782977,-0.032381947592574234,0.050403813935338514,0.029100655543751502,Across_DV
ecadGFPnbG4myoVI,2hAPF,-200.65008730609065,35.92330561330643,-123.45904104751165,8.994910773533253,9.559080612049572,4.022646388233113,4.274950810188627,0.023311303012437154,0.019382680706031472,0.008668198328971997,Across_DV
ecadGFPnbG4myoVI,2hAPF,-195.53988122074554,40.872827008017474,-123.17583717538267,8.978907762955332,9.226185799298365,4.015489624333738,4.126075724054875,0.027749333121509102,0.012897551214380446,0.0057679602517279275,Across_DV
ecadGFPnbG4myoVI,2hAPF,-190.42967513540043,45.70603113478084,-122.2366508464484,8.907220725164509,8.751725812189914,3.9834302064125624,3.913890767299241,0.029291763863175474,0.008081282659544378,0.0036140594744263036,Across_DV
ecadGFPnbG4myoVI,2hAPF,-185.31946905005532,50.32457296028209,-120.61546661060547,8.80804093323471,8.261001366573245,3.939075655062699,3.694432123575287,0.029210178062011254,0.005881935935935751,0.0026304817184102376,Across_DV
ecadGFPnbG4myoVI,2hAPF,-180.20926296471018,54.65760757648652,-118.33443165938957,8.706492168179908,7.824999657219384,3.893661666723961,3.499446231491019,0.02788428217948331,0.0068971424829812784,0.003084495888489565,Across_DV
ecadGFPnbG4myoVI,2hAPF,-175.09905687936507,58.657194758643854,-115.45151274387315,8.619424171248884,7.4674610053752755,3.8547236747634583,3.3395500854696074,0.025490317072708702,0.007639144098625799,0.003416329098888729,Across_DV
ecadGFPnbG4myoVI,2hAPF,-169.98885079401995,62.293703523619776,-112.04815309327242,8.552155018617277,7.182722415824383,3.8246399951488423,3.212211117058966,0.02254045072448806,0.006918793362698149,0.0030941784562534837,Across_DV
ecadGFPnbG4myoVI,2hAPF,-164.87864470867484,65.55124288819118,-108.21700273006552,8.497992263952677,6.954979234658809,3.800417674893104,3.1103612701593115,0.01975002863788568,0.0054956401481593,0.0024577249902322422,Across_DV
ecadGFPnbG4myoVI,2hAPF,-159.76843862332973,68.42354308630914,-104.0511601972831,8.441163800590939,6.771478465584691,3.7750032134663636,3.0282972314446677,0.01756039649365302,0.004299299554611768,0.0019227052119492967,Across_DV
ecadGFPnbG4myoVI,2hAPF,-154.6582325379846,70.91068282421126,-99.63679835259138,8.362373177205356,6.626973913956078,3.739766975490414,2.9636728313447267,0.01612073608174742,0.0037459524635708808,0.0016752408698054587,Across_DV
ecadGFPnbG4myoVI,2hAPF,-149.54802645263948,73.01617323512298,-95.04730651677292,8.244372380223508,6.52139178152038,3.6869954148003012,2.916455066277605,0.015345447101655113,0.0036731471831185527,0.0016426813585629903,Across_DV
ecadGFPnbG4myoVI,2hAPF,-144.43782036729436,74.74502001183065,-90.33932164966191,8.075169575708829,6.454674431677836,3.611325620224615,2.8866181603722927,0.015015214895026779,0.003723670402466885,0.001665276029143991,Across_DV
ecadGFPnbG4myoVI,2hAPF,-139.32761428194925,76.10301826873477,-85.55201780131364,7.848574044296281,6.423561664413202,3.509989017897386,2.8727041078579223,0.014885797506096842,0.0036879110666904577,0.0016492839680187247,Across_DV
ecadGFPnbG4myoVI,2hAPF,-134.21740819660414,77.0965193881552,-80.70989928546507,7.5638656624351,6.422097772594481,3.3826635587762723,2.8720494355342487,0.014766656780499588,0.003515211155360629,0.0015720502197303881,Across_DV
ecadGFPnbG4myoVI,2hAPF,-129.10720211125903,77.73228092932875,-75.82651618988703,7.225074406432336,6.443290193213489,3.231151503055329,2.881526974156623,0.014526114887442015,0.0032115391850338834,0.0014362439860280077,Across_DV
ecadGFPnbG4myoVI,2hAPF,-123.9969960259139,78.017318222866,-70.90819887363506,6.8400202743650365,6.480286979884963,3.0589500601913966,2.898072440145918,0.01409922803885894,0.002791702919308521,0.0012484875001116925,Across_DV
ecadGFPnbG4myoVI,2hAPF,-118.88678994056879,77.95875596520813,-65.95779246430024,6.419228494331448,6.5266030869325125,2.8707662552857482,2.918785632908213,0.013496535702374957,0.0022838523667433634,0.0010213698285223881,Across_DV
ecadGFPnbG4myoVI,2hAPF,-113.77658385522368,77.56367981308388,-60.97839135526009,5.974783849353374,6.575560570009123,2.672004567604401,2.9406800849415324,0.012800200431284294,0.001768056929418003,0.0007906990964536404,Across_DV
ecadGFPnbG4myoVI,2hAPF,-108.66637776987855,76.83898861316803,-55.97706013210868,5.519155788480574,6.619406019934169,2.468241504290803,2.9602883662488257,0.012140191283307646,0.0014047368297592751,0.0006282174083678577,Across_DV
ecadGFPnbG4myoVI,2hAPF,-103.55617168453344,75.79127027738524,-50.96813638507734,5.064024921143797,6.6486277244148555,2.2647007926861082,2.973356709776271,0.011648808151867297,0.0013539976823253284,0.00060552617181132,Across_DV
ecadGFPnbG4myoVI,2hAPF,-98.44596559918833,74.42676078650088,-45.97527511777126,4.619189072199967,6.652033934766048,2.0657641532726623,2.974880013354457,0.011434876957699304,0.0015439123318000676,0.0006904585850410322,Across_DV
ecadGFPnbG4myoVI,2hAPF,-93.3357595138432,72.75140187564539,-41.03211683469324,4.191872930086666,6.617862715013357,1.8746625649430018,2.9595981793062367,0.011557837448511488,0.001797641740993133,0.000803929826410343,Across_DV
ecadGFPnbG4myoVI,2hAPF,-88.22555342849809,70.77102329027721,-36.180949786310514,3.786712730743245,6.535247737338633,1.6934694154411507,2.9226516380981744,0.012028176103864304,0.0020605124092191226,0.0009214891630991644,Across_DV
ecadGFPnbG4myoVI,2hAPF,-83.11534734315298,68.49164296707178,-31.470036846596077,3.4060063404599754,6.395248872769965,1.5232123418127594,2.8600422425085092,0.012836815478535038,0.0023454459754465467,0.0010489153277303562,Across_DV
ecadGFPnbG4myoVI,2hAPF,-78.00514125780785,65.91979062924065,-26.950736904203666,3.050049459722411,6.1915231948280045,1.3640235853351634,2.7689333495804185,0.013954113904206533,0.0026647096156862055,0.001191694368194339,Across_DV
ecadGFPnbG4myoVI,2hAPF,-72.89493517246274,63.062831603348535,-22.674624400546538,2.717563108095316,5.9207429130839255,1.215331168569347,2.6478367261911573,0.01531380173879309,0.0029949659222159968,0.0013393894784740632,Across_DV
ecadGFPnbG4myoVI,2hAPF,-67.78472908711763,59.9292906361301,-18.690608867876296,2.4062219597786836,5.582849928673048,1.0760951742035803,2.4967263897385576,0.016789547343257605,0.0032610675034165787,0.0014583937233709995,Across_DV
ecadGFPnbG4myoVI,2hAPF,-62.67452300177251,56.52917571130681,-15.042054467361623,2.1132768134725786,5.181228057466383,0.9450861220397657,2.3171156286848036,0.01817680839197027,0.0033405667115926963,0.0014939468500988406,Across_DV
ecadGFPnbG4myoVI,2hAPF,-57.5643169164274,52.87430186640385,-11.763899527167137,1.8362462664283878,4.722845337713209,0.821194295032813,2.1121206444689373,0.019200291629410466,0.003105857597134433,0.0013889817431253495,Across_DV
ecadGFPnbG4myoVI,2hAPF,-52.45411083108226,48.97861408317455,-8.879783344956905,1.5736397687325,4.218378559742238,0.7037530989965837,1.8865162428822602,0.019570799000982846,0.0025274420660760973,0.0011303064537877337,Across_DV
ecadGFPnbG4myoVI,2hAPF,-47.34390474573715,44.85846314193227,-6.399527105067869,1.325649634375804,3.6822403225906513,0.5928485393624079,1.64674793416069,0.01913035328555877,0.0018538164329166427,0.0008290519123615583,Across_DV
ecadGFPnbG4myoVI,2hAPF,-42.23369866039204,40.5326219018974,-4.318377828950792,1.0945762660830127,3.1320822580071557,0.48950938750390277,1.400709768005007,0.017947067011011182,0.0017597810308824567,0.000786998002113566,Across_DV
ecadGFPnbG4myoVI,2hAPF,-37.123492575046924,36.02197024000891,-2.618777770379399,0.8846795741718099,2.587556490914054,0.3956407332307468,1.1571904418609282,0.016228275376323303,0.0024365171176275965,0.0010896435806714312,Across_DV
ecadGFPnbG4myoVI,2hAPF,-32.01328648970181,31.349093859065658,-1.2732939999887702,0.7015561838546519,2.068742742112796,0.31374546342686843,0.9251698798647057,0.014216040095469626,0.003315864865656641,0.0014828998487622913,Across_DV
ecadGFPnbG4myoVI,2hAPF,-26.9030804043567,26.537882056688414,-0.2476504933718271,0.5508644566079338,1.5940048917087513,0.24635407427276462,0.7128606588655917,0.012130503191350565,0.004111214612448572,0.001838591068705092,Across_DV
ecadGFPnbG4myoVI,2hAPF,-21.792874319011588,21.61312550142325,0.4962395301508047,0.4357739691838331,1.17685096096239,0.19488404358398986,0.526303749619571,0.010143872589809371,0.00474365682407726,0.0021214278241135026,Across_DV
ecadGFPnbG4myoVI,2hAPF,-16.682668233666448,16.60011400884497,0.9972412687609029,0.35315771941983587,0.8216385163739947,0.1579369334803101,0.3674479151088652,0.008380671893254416,0.005191271880860818,0.0023216073630575955,Across_DV
ecadGFPnbG4myoVI,2hAPF,-11.572462148321335,11.52423431766061,1.291965999372763,0.29193807130684246,0.520096819532241,0.13055867453245612,0.23259436867110622,0.006933927325593595,0.005445341089404954,0.0024352305673164473,Across_DV
ecadGFPnbG4myoVI,2hAPF,-6.462256062976223,6.4105678658127205,1.4117387388633325,0.2389715898479897,0.2625957253134634,0.10687134391826071,0.11743637848035329,0.005886509119328084,0.005494759220940788,0.0024573310276034778,Across_DV
ecadGFPnbG4myoVI,2hAPF,-1.3520499776311112,1.2834885665828732,1.379565905302313,0.1925770176362786,0.20492733076883515,0.08612306046777896,0.09164628840933993,0.005330687675416237,0.005315874243969056,0.002377331233871022,Across_DV
ecadGFPnbG4myoVI,2hAPF,3.758156107714001,-3.833738336566835,1.2071138601141924,0.1806255286095622,0.5031627874913354,0.08077819208856284,0.22502123931578133,0.005367858288072109,0.004873772054256878,0.0021796171240314344,Across_DV
ecadGFPnbG4myoVI,2hAPF,8.868362193059113,-8.919284954501768,0.8924183407211148,0.24043092654430973,0.9219849986205367,0.10752397912926702,0.412324226230114,0.005989933584612207,0.004190936079804352,0.0018742435927598027,Across_DV
ecadGFPnbG4myoVI,2hAPF,13.978568278404254,-13.952778864625335,0.42072654979587387,0.35501992068142246,1.4241218351460494,0.15876973520204882,0.636886646325663,0.007128757969107278,0.0033361208167897905,0.0014919585854988185,Across_DV
ecadGFPnbG4myoVI,2hAPF,19.088774363749366,-18.91511977014756,-0.23262875554397172,0.49273549017159757,1.9942563291886277,0.22035801019007434,0.8918585433249939,0.008709517694303223,0.002427379605967146,0.0010855571612278386,Across_DV
ecadGFPnbG4myoVI,2hAPF,24.198980449094478,-23.78827998165227,-1.099191994553308,0.6339531925815858,2.61243630982841,0.2835124866330882,1.1683170351330052,0.010628994997672605,0.0017463475779205936,0.0007809903793145116,Across_DV
ecadGFPnbG4myoVI,2hAPF,29.30918653443959,-28.555104892162625,-2.214347428099012,0.7665854288116603,3.254757185418326,0.3428274258767396,1.455571663370253,0.01273104094246702,0.0017812650905894604,0.0007966059657010708,Across_DV
ecadGFPnbG4myoVI,2hAPF,34.4193926197847,-33.199113452206824,-3.614281823899508,0.8848654790809449,3.8957480576260712,0.3957238724335822,1.7422314960129326,0.014790203414200767,0.0024010549678170016,0.001073784425150477,Across_DV
ecadGFPnbG4myoVI,2hAPF,39.529598705129814,-37.70429864488371,-5.3329471217643265,0.991066844669733,4.51066992483223,0.4432185669855496,2.017232915197747,0.016523954349142733,0.0030188095141795053,0.0013500526569656978,Across_DV
ecadGFPnbG4myoVI,2hAPF,44.639804790474955,-42.05492796092847,-7.399023098833675,1.0977396337797993,5.077609063940324,0.4909240885454711,2.270775806027928,0.017651894812184203,0.0032988578078401473,0.0014752940612873014,Across_DV
ecadGFPnbG4myoVI,2hAPF,49.75001087582007,-46.23534447015023,-9.832879317880318,1.227726320749985,5.579408485973456,0.5490559021925353,2.495187329775166,0.017990192475692564,0.0030811623734265017,0.0013779377033392498,Across_DV
ecadGFPnbG4myoVI,2hAPF,54.86021696116518,-50.22978732608634,-12.64354611445225,1.408490657434826,6.005398866335842,0.629896171139528,2.685696019425423,0.01754973325950252,0.0023624926507083916,0.001056538832665526,Across_DV
ecadGFPnbG4myoVI,2hAPF,59.97042304651029,-54.022252068149385,-15.82650669064491,1.6611142299185786,6.352489853497425,0.7428728672980313,2.8409198277595844,0.01659196578253035,0.0013242120496887626,0.0005922056319456804,Across_DV
ecadGFPnbG4myoVI,2hAPF,65.0806291318554,-57.59649044933965,-19.36423294337491,1.9923240083064884,6.624669948076856,0.8909943831556327,2.9626424664799704,0.01543245494822856,0.00045855358839489216,0.0002050713989954875,Across_DV
ecadGFPnbG4myoVI,2hAPF,70.19083521720052,-60.936150742444696,-23.22845334004529,2.395759942401044,6.831311864257175,1.0714164177959429,3.0550555407959714,0.014301413413745292,0.0012014123690277112,0.000537287945231005,Across_DV
ecadGFPnbG4myoVI,2hAPF,75.30104130254563,-64.02493346569024,-27.382604667013073,2.858287193285548,6.985382548892687,1.278264892680713,3.123958045632959,0.013331825397266916,0.002135870761514649,0.0009551904427801993,Across_DV
ecadGFPnbG4myoVI,2hAPF,80.41124738789074,-66.84674714110781,-31.784284412141353,3.3654397957974753,7.101743591419297,1.5050704315172332,3.1759962858374076,0.012586746311787623,0.002858199604905315,0.0012782257219662652,Across_DV
ecadGFPnbG4myoVI,2hAPF,85.52145347323585,-69.38586405290235,-36.3877031473515,3.9043851868730206,7.195556201846212,1.7460941376382586,3.217950560649665,0.012094060722332023,0.003328921071787675,0.0014887387616497397,Across_DV
ecadGFPnbG4myoVI,2hAPF,90.63165955858096,-71.62707600581975,-41.146136911175304,4.464994262617666,7.280770376451588,1.9968061380719297,3.2560594980624966,0.01187154794848069,0.0035539739289541807,0.0015893854590807112,Across_DV
ecadGFPnbG4myoVI,2hAPF,95.74186564392613,-73.55584730252015,-46.01438151007417,5.039626740751153,7.368637956714778,2.2537895947090574,3.2953550745598794,0.01193987004856752,0.0035529050117605,0.0015889074247792336,Across_DV
ecadGFPnbG4myoVI,2hAPF,100.85207172927124,-75.15835768847029,-50.95128195502754,5.622110765343697,7.466294424536515,2.514284369668375,3.339028374658264,0.012326570109763926,0.0033461795960800177,0.0014964570083515415,Across_DV
ecadGFPnbG4myoVI,2hAPF,105.96227781461636,-76.42130042530826,-55.92231566755121,6.206597025906698,7.575658178091911,2.7756745717750797,3.387937332103144,0.013006667512824588,0.002990756894969396,0.0013375071442655536,Across_DV
ecadGFPnbG4myoVI,2hAPF,111.07248389996147,-77.33189404534836,-60.901074181857574,6.786222853106927,7.692575546089862,3.0348911220019317,3.4402243686218994,0.013898879146336907,0.0026358198750660324,0.0011787744834185303,Across_DV
ecadGFPnbG4myoVI,2hAPF,116.18268998530658,-77.87791762287708,-65.86856656992833,7.351991730804518,7.807017234139326,3.287910656019047,3.4914042474095845,0.014884776437401295,0.002550025489627102,0.0011404060678326768,Across_DV
ecadGFPnbG4myoVI,2hAPF,121.2928960706517,-78.04766775251296,-70.81069022690056,7.892727226828701,7.904763853284855,3.5297349214104754,3.535117864405622,0.015847674308080928,0.0029506790885178236,0.0013195838043425945,Across_DV
ecadGFPnbG4myoVI,2hAPF,126.4031021559968,-77.8299138352015,-75.71533588861125,8.396304866823023,7.969602573004543,3.754941688405719,3.5641146213790775,0.01669674099593641,0.003710174978681253,0.0016592406921500228,Across_DV
ecadGFPnbG4myoVI,2hAPF,131.51330824134192,-77.21385355697615,-80.569488056425,8.851860419745654,7.9858019290285105,3.9586723251782203,3.57135919363134,0.01739089479847562,0.004509549309919985,0.0020167317609736707,Across_DV
ecadGFPnbG4myoVI,2hAPF,136.62351432668703,-76.18906836771914,-85.35632542206163,9.252483158520228,7.940857435337717,4.137836260624638,3.5512594050099553,0.017957596650078768,0.005092103090992372,0.0022772577319791483,Across_DV
ecadGFPnbG4myoVI,2hAPF,141.73372041203214,-74.7454846495495,-90.05230732203674,9.59782302159713,7.828487374909036,4.292276942460722,3.501005986259097,0.018500102252668276,0.005343372162054165,0.002389628676686627,Across_DV
ecadGFPnbG4myoVI,2hAPF,146.84392649737725,-72.87351742021121,-94.62381199692354,9.895652931358253,7.6511504694507355,4.425470527252423,3.421698511154254,0.019203184598008644,0.005285181425213968,0.0023636049880395305,Across_DV
ecadGFPnbG4myoVI,2hAPF,151.95413258272237,-70.5647277520979,-99.02261372332114,10.161077439735772,7.420667572160672,4.544171975977742,3.3186234259559173,0.020288312708004776,0.004984108491635094,0.002228961078906002,Across_DV
ecadGFPnbG4myoVI,2hAPF,157.06433866806748,-67.81273296497938,-103.18322512095862,10.413456901960597,7.158171002580299,4.657039502709651,3.201231391267474,0.02177822959606872,0.004336256834366763,0.0019392330099084257,Across_DV
ecadGFPnbG4myoVI,2hAPF,162.17454475341265,-64.61515027386666,-107.02597691804722,10.67166441012816,6.892020208257073,4.772513410822352,3.0822051375930144,0.02344621684305128,0.0031959263706782624,0.001429261723184157,Across_DV
ecadGFPnbG4myoVI,2hAPF,167.28475083875776,-60.97778732116258,-110.46615305939602,10.949966172017376,6.646745617482897,4.896973742390801,2.9725150059681145,0.02467610550094832,0.0030186316826451886,0.0013499731282858426,Across_DV
ecadGFPnbG4myoVI,2hAPF,172.39495692410287,-56.92156654409193,-113.43130343217499,11.258492065864342,6.418262399352547,5.034950716682942,2.8703342044766393,0.02460413952327007,0.006312365981305696,0.0028229758866113405,Across_DV
ecadGFPnbG4myoVI,2hAPF,177.50516300944798,-52.49028597834306,-115.88125622997168,11.60878209544992,6.14464452809173,5.1916051802816945,2.7479685724770446,0.022035804487515093,0.011456503383352233,0.005123504069926385,Across_DV
ecadGFPnbG4myoVI,2hAPF,182.6153690947931,-47.758402630582935,-117.82821073266624,12.023887058190297,5.68589547111304,5.377245763178695,2.5428097572733894,0.015309332959662744,0.01754830465472896,0.007847840419569985,Across_DV
ecadGFPnbG4myoVI,4hAPF,-194.11688551485977,53.38281080393489,-122.7265152700307,15.299392651615094,5.799683947285797,6.842096396694421,2.59369751082907,0.017190747108224037,0.015238000340498726,0.006814640920504019,Across_DV
ecadGFPnbG4myoVI,4hAPF,-189.05095627588628,57.2677316079298,-119.83229947052146,14.97375286954957,6.598758406869518,6.696465858919075,2.951054472971691,0.015847808068314713,0.01080112035756346,0.004830407870533746,Across_DV
ecadGFPnbG4myoVI,4hAPF,-183.9850270369128,61.0635607069632,-116.55321439635097,14.331338276978588,7.2995092837751505,6.409169319173766,3.2644397921824075,0.01482070643867284,0.008096334686980143,0.0036207909457354162,Across_DV
ecadGFPnbG4myoVI,4hAPF,-178.91909779793934,64.70344620193333,-112.94363186317757,13.47525033922486,7.912817102379751,6.0263151544667775,3.538719386888807,0.013816901227393133,0.006232138512221622,0.00278709707170439,Across_DV
ecadGFPnbG4myoVI,4hAPF,-173.85316855896585,68.12586009201881,-109.06261710968693,12.519364516830242,8.445100507554786,5.598830018946246,3.776763762342095,0.012975482342135993,0.004938499304781288,0.0022085640304652823,Across_DV
ecadGFPnbG4myoVI,4hAPF,-168.78723931999235,71.27680304324738,-104.96865525533353,11.573362506258709,8.901323867206115,5.175765058448362,3.9807930513628365,0.012508975840447878,0.004195714431015975,0.0018763805363857145,Across_DV
ecadGFPnbG4myoVI,4hAPF,-163.72131008101888,74.11200371246215,-100.71438066638432,10.724157296633784,9.287111734061279,4.795988943334703,4.153322630399393,0.012630763712689036,0.00406051144418227,0.0018159159225214798,Across_DV
ecadGFPnbG4myoVI,4hAPF,-158.65538084204542,76.59858043615326,-96.34180810845878,10.02069006164133,9.609694776145666,4.4813888318573145,4.297586152497266,0.013455841107919114,0.004810282416542531,0.0021512236948722117,Across_DV
ecadGFPnbG4myoVI,4hAPF,-153.58945160307192,78.71435974883639,-91.88085877727481,9.47179363623926,9.877588612077856,4.23591488789618,4.417391918076778,0.014956261042659055,0.006895052882643824,0.003083561390809494,Across_DV
ecadGFPnbG4myoVI,4hAPF,-148.52352236409843,80.44597516523058,-87.35102676854521,9.056613937770223,10.09948569127251,4.050240882165253,4.516627308694358,0.016906182323849113,0.009989036348545002,0.004467232861012581,Across_DV
ecadGFPnbG4myoVI,4hAPF,-143.45759312512496,81.78698086382953,-82.76347124175213,8.739802697733436,10.28312171698949,3.908558588413602,4.59875183601857,0.01866483499152598,0.012665383515225616,0.005664131700229944,Across_DV
ecadGFPnbG4myoVI,4hAPF,-138.3916638861515,82.73603352450662,-78.12312478034544,8.485349295747662,10.434346293556969,3.7947635676243476,4.666381522633271,0.019341902906501084,0.013096964435925725,0.005857140555525422,Across_DV
ecadGFPnbG4myoVI,4hAPF,-133.325734647178,83.29563381449421,-73.43092432640255,8.264155037514813,10.55663955938538,3.695842488096089,4.7210727337498275,0.018601547783319156,0.010748727087219096,0.004806976887723042,Across_DV
ecadGFPnbG4myoVI,4hAPF,-128.2598054082045,83.47151530370202,-68.68618391557894,8.054792165362002,10.651100906263197,3.6022125652764325,4.7633171323228245,0.01699785437495372,0.0069683044925311355,0.003116320506643359,Across_DV
ecadGFPnbG4myoVI,4hAPF,-123.19387616923103,83.27214212932188,-63.888991230380796,7.840698638633741,10.71667053385501,3.5064670294150204,4.792640761233753,0.015261934185025031,0.003667943068826458,0.0016403540078990299,Across_DV
ecadGFPnbG4myoVI,4hAPF,-118.12794693025755,82.70820741352227,-59.042604318379404,7.60679429992468,10.75047901313554,3.4018618290979012,4.807760372811184,0.013765160090138468,0.002707125601890851,0.001210663373891595,Across_DV
ecadGFPnbG4myoVI,4hAPF,-113.06201769128407,81.79213168114298,-54.15584831042609,7.33757482981102,10.748232475022947,3.281463221889778,4.806755690424424,0.012590593647415483,0.0036310051248430396,0.0016238348571598292,Across_DV
ecadGFPnbG4myoVI,4hAPF,-107.99608845231059,80.53756233073759,-49.245510022005746,7.01762705494356,10.704529888717934,3.13837822711909,4.787211299670312,0.011741127893827072,0.004411243321781455,0.0019727679865590626,Across_DV
ecadGFPnbG4myoVI,4hAPF,-102.9301592133371,78.95892910091064,-44.338397308883316,6.634285874310637,10.613073546986602,2.966942839425042,4.74631078025337,0.011215038435850349,0.004723830282311872,0.0021125611250842734,Across_DV
ecadGFPnbG4myoVI,4hAPF,-97.86422997436362,77.07109813167247,-39.47129185777029,6.18038835343818,10.467191198726582,2.763953697127153,4.681070210768029,0.01102123470473301,0.004701466627993506,0.002102559794828039,Across_DV
ecadGFPnbG4myoVI,4hAPF,-92.79830073539014,74.8889321254057,-34.68897742392998,5.655802077472969,10.260770420996437,2.529351582502818,4.588756032573434,0.01117849421694268,0.004464068734536769,0.0019963922293311357,Across_DV
ecadGFPnbG4myoVI,4hAPF,-87.73237149641666,72.42690398450794,-30.041925742841357,5.067999531464848,9.989050911797964,2.2664782924584967,4.467239373897301,0.01169379195294914,0.004089254593289482,0.0018287702495797076,Across_DV
ecadGFPnbG4myoVI,4hAPF,-82.66644225744318,69.6990350844669,-25.583642559444005,4.431579233893499,9.648934159665341,1.981862482932461,4.315134538286302,0.012564623764299707,0.0036147505464610655,0.0016165655887182908,Across_DV
ecadGFPnbG4myoVI,4hAPF,-77.6005130184697,66.71900672420745,-21.36783298754178,3.767293450423105,9.239102942164436,1.6847848492671593,4.1318524459595976,0.01377432853814355,0.0030488709441965907,0.0013634965371695088,Across_DV
ecadGFPnbG4myoVI,4hAPF,-72.53458377949622,63.500282114373604,-17.445555875344837,3.1011675370338163,8.760218720614157,1.3868842844846418,3.9176889114118985,0.015271274612727126,0.0023897466684045165,0.0010687271999112295,Across_DV
ecadGFPnbG4myoVI,4hAPF,-67.46865454052273,60.05622836612374,-13.862378170476257,2.464169286932453,8.215208477170961,1.1020100067296297,3.6739529208573596,0.016936527096467292,0.0016661438916386888,0.0007451222004000303,Across_DV
ecadGFPnbG4myoVI,4hAPF,-62.40272530154925,56.4002384799256,-10.655529284978794,1.8931025361318157,7.609619075271671,0.8466211918335983,3.403125107037309,0.018546021980755244,0.0010746282209097085,0.0004805883504987538,Across_DV
ecadGFPnbG4myoVI,4hAPF,-57.33679606257576,52.545853334351385,-7.851055460321542,1.432888080142661,6.951998171227118,0.6408070302696313,3.109028098063612,0.019749661827551623,0.0011595105884456111,0.0005185488992790337,Across_DV
ecadGFPnbG4myoVI,4hAPF,-52.27086682360229,48.506883786158845,-5.460978338434872,1.1336422319761568,6.254233681111432,0.5069802185726544,2.796978331626781,0.020116673856843712,0.001728948206003885,0.0007732091436401994,Across_DV
ecadGFPnbG4myoVI,4hAPF,-47.20493758462882,44.29756575715525,-3.480948497685234,1.0176888196395182,5.531611989659332,0.4551242761310971,2.473812086806226,0.019388874439665048,0.00221501868130914,0.0009905864685678361,Across_DV
ecadGFPnbG4myoVI,4hAPF,-42.13900834565533,39.932917324918975,-1.8906478046468103,1.0313500552594888,4.801801385493081,0.46123376643167624,2.1474308624830405,0.017630361034988364,0.0025017254130048285,0.0011188056169035064,Across_DV
ecadGFPnbG4myoVI,4hAPF,-37.07307910668183,35.42901913636997,-0.6566354998041553,1.0829836158544892,4.0831810814695455,0.48432499671383133,1.826054092521402,0.015139299406084186,0.0027155788090804846,0.0012144437630723774,Across_DV
ecadGFPnbG4myoVI,4hAPF,-32.007149867708364,30.802874507406358,0.26421399298956605,1.1108183556751792,3.393438776821627,0.49677307078884797,1.5175919564913791,0.012290938948292434,0.0030226112743303593,0.0013517528557919897,Across_DV
ecadGFPnbG4myoVI,4hAPF,-26.941220628734897,26.072164559140294,0.9211904813646774,1.089782245730186,2.748286276966981,0.4873654364250151,1.2290709873855967,0.009415025933191556,0.003480657597563026,0.0015565973989104063,Across_DV
ecadGFPnbG4myoVI,4hAPF,-21.8752913897614,21.25500176921024,1.366226176686857,1.0167769708744254,2.16073880391665,0.4547164849663078,0.9663117694358436,0.006748187126420743,0.004044471978813651,0.0018087428555440823,Across_DV
ecadGFPnbG4myoVI,4hAPF,-16.809362150787905,16.369683523093038,1.6503738663090242,0.9013933078377696,1.642777394408272,0.4031153421577293,0.7346723851593757,0.004448412092599025,0.004640994474198865,0.002075515825501911,Across_DV
ecadGFPnbG4myoVI,4hAPF,-11.743432911814438,11.434445665416028,1.820285085823232,0.7630324042245257,1.2149872477216364,0.3412384649762274,0.543358815540191,0.0026332987966888734,0.005197181172333421,0.0023242500785439157,Across_DV
ecadGFPnbG4myoVI,4hAPF,-6.67750367284097,6.4672160512690935,1.9146882913125485,0.6330017066434193,0.9367286211746865,0.2830869691856131,0.41891777468324953,0.0014128327947670583,0.005634498297857991,0.002519824242623465,Across_DV
ecadGFPnbG4myoVI,4hAPF,-1.6115744338674745,1.4853680975168384,1.9608670316029393,0.5571999396495602,0.927095086056636,0.24918738842303936,0.4146095268057311,0.0009047629179820135,0.005869548604081506,0.0026249419351930493,Across_DV
ecadGFPnbG4myoVI,4hAPF,3.4543548051060213,-3.4945250341991185,1.971147031766882,0.5753555652378585,1.2167483744790777,0.25730683102093327,0.5441464153695176,0.0012188465533609781,0.005835557877146294,0.002609740819986696,Across_DV
ecadGFPnbG4myoVI,4hAPF,8.520284044079489,-8.456882375954672,1.9401433405980222,0.6761008683067147,1.7013093122815346,0.30236150023608943,0.7608486546029858,0.0022968282014250167,0.005558367384277499,0.002485777463032437,Across_DV
ecadGFPnbG4myoVI,4hAPF,13.586213283052956,-13.38704911533315,1.8456467550993885,0.8136124686592423,2.3064790635706203,0.3638585574526966,1.031488794964793,0.003983735407125958,0.005120394662452602,0.0022899101073742215,Across_DV
ecadGFPnbG4myoVI,4hAPF,18.652142522026452,-18.271045808176204,1.6521164994076378,0.9510349786424273,2.998347226255143,0.4253157722449056,1.3409016436108883,0.006137441152406538,0.004592047910524484,0.0020536262567737236,Across_DV
ecadGFPnbG4myoVI,4hAPF,23.718071760999948,-23.095300624486434,1.3144122550216792,1.0673920539204946,3.7547227097837856,0.47735223824186934,1.6791630431477518,0.008624836077368254,0.004024183309123355,0.0017996694866239742,Across_DV
ecadGFPnbG4myoVI,4hAPF,28.784000999973415,-27.84638158036899,0.781526387981246,1.1530420971995798,4.554632312083207,0.5156561020514361,2.0368934924670175,0.011303010291574808,0.003487151736585835,0.0015595016661724733,Across_DV
ecadGFPnbG4myoVI,4hAPF,33.84993023894688,-32.51072876997323,0.0003161760454401419,1.2080919838775992,5.376200265888772,0.5402751598045783,2.4043098510359475,0.013990613960372544,0.003143234544764881,0.001405697222263976,Across_DV
ecadGFPnbG4myoVI,4hAPF,38.91585947792038,-37.07438659743409,-1.0807639641287055,1.243947362240692,6.1971120286521035,0.5563101724803484,2.7714327520495456,0.01644250549424938,0.003199702039526939,0.001430950253625391,Across_DV
ecadGFPnbG4myoVI,4hAPF,43.981788716893874,-41.52273600881374,-2.507930249807653,1.2859765308751574,6.995814650735249,0.5751061881012418,3.128623423406593,0.018353958977864394,0.003596867873637398,0.001608568214307669,Across_DV
ecadGFPnbG4myoVI,4hAPF,49.04771795586734,-45.84022672404304,-4.318337305002794,1.372559682938207,7.752887715938031,0.6138273508450778,3.4671967909521033,0.01942600528792017,0.003964659526857815,0.0017730496419392453,Across_DV
ecadGFPnbG4myoVI,4hAPF,54.11364719484081,-50.01011153719956,-6.536351037514561,1.5435726564973469,8.452409557792192,0.6903066776276,3.7800324689784555,0.01949313196768625,0.0039882914854590425,0.0017836181751140065,Across_DV
ecadGFPnbG4myoVI,4hAPF,59.179576433814304,-54.014308328517004,-9.170270620246844,1.8214978724281916,9.083050103749406,0.8145986127241353,4.062063495004037,0.018685126989665374,0.003635007872427125,0.001625624940298787,Across_DV
ecadGFPnbG4myoVI,4hAPF,64.2455056727878,-57.833730898177706,-12.211585589372268,2.2035437731593253,9.638139911745961,0.9854547336361255,4.310307203863559,0.017352306874676846,0.0030555334424389223,0.001366476096963474,Across_DV
ecadGFPnbG4myoVI,4hAPF,69.31143491176127,-61.44879129489671,-15.637019899047127,2.670402370268416,10.115113603943248,1.1942402454393484,4.523616323709997,0.015853826045054052,0.002438148689347952,0.0010903732417268076,Across_DV
ecadGFPnbG4myoVI,4hAPF,74.37736415073473,-64.83985933282817,-19.411546529563417,3.1975596582517514,10.51484979620658,1.4299921515923824,4.702383783503544,0.014451240770265947,0.0019661501275944323,0.0008792890678542071,Across_DV
ecadGFPnbG4myoVI,4hAPF,79.44329338970826,-67.98771710423628,-23.491510018017525,3.7612072965467873,10.840996907344149,1.6820630385093651,4.848241205737301,0.013299255411333774,0.0018099506069643291,0.0008094345186178488,Across_DV
ecadGFPnbG4myoVI,4hAPF,84.50922262868173,-70.87401346684112,-27.827749637622958,4.340360079561985,11.099316357486966,1.9410680369453988,4.963765175823243,0.012470965974479711,0.002017536196970921,0.0009022696166986767,Across_DV
ecadGFPnbG4myoVI,4hAPF,89.5751518676552,-73.48171853116469,-32.36872257702358,4.917654294323697,11.297053275060346,2.199241858390309,5.052195813694312,0.011986193815096689,0.0024560231598514033,0.001098366947948314,Across_DV
ecadGFPnbG4myoVI,4hAPF,94.64108110662866,-75.79557814787674,-37.06362711960636,5.479822981598797,11.442338558133288,2.4506513383040978,5.117169367510592,0.01182859267039057,0.0029622667536135495,0.0013247659657135034,Across_DV
ecadGFPnbG4myoVI,4hAPF,99.70701034560213,-77.80256839514061,-41.865525822814355,6.018015893794472,11.54361926793032,2.691338525639719,5.16246347789371,0.011948812703218573,0.0033958638402721447,0.0015186764778364007,Across_DV
ecadGFPnbG4myoVI,4hAPF,104.77293958457565,-79.49234509041229,-46.73446231157627,6.527852020983424,11.609113219272224,2.9193441731956637,5.191753263356823,0.012261146553519762,0.0036076611704843903,0.001613395123397911,Across_DV
ecadGFPnbG4myoVI,4hAPF,109.83886882354912,-80.85745387030569,-51.64016754413596,7.008879076710942,11.646427972292964,3.134466012320326,5.208440928220421,0.012669240852637603,0.003483153385267971,0.0015577135491035394,Across_DV
ecadGFPnbG4myoVI,4hAPF,114.90479806252259,-81.89267565761682,-56.562622470756686,7.463118872607062,11.662552915099903,3.3376082246621963,5.215652221870343,0.013091398101054575,0.0030110820464288447,0.0013465968283288149,Across_DV
ecadGFPnbG4myoVI,4hAPF,119.97072730149611,-82.5940268065217,-61.4903612593764,7.893351612815692,11.663779383561176,3.5300141553126974,5.216200715240676,0.01347730921243718,0.0023078131192946173,0.0010320854028217192,Across_DV
ecadGFPnbG4myoVI,4hAPF,125.03665654046958,-82.95788799752435,-66.4177475819562,8.301723779055163,11.655513371280826,3.7126437400787573,5.212504042168334,0.01380710837074801,0.0016532246337253968,0.0007393445326174357,Across_DV
ecadGFPnbG4myoVI,4hAPF,130.10258577944305,-82.98020607463278,-71.34145357644273,8.688934562115737,11.64217057297022,3.885809666587631,5.2065369613618175,0.014093655837729351,0.0014777077501918173,0.0006608509960614363,Across_DV
ecadGFPnbG4myoVI,4hAPF,135.1685150184165,-82.65571230036144,-76.25673435453993,9.05406981984377,11.6269736463915,4.049103118039989,5.199740689185999,0.014381073955971638,0.001811843162075453,0.0008102808949937763,Across_DV
ecadGFPnbG4myoVI,4hAPF,140.23444425738998,-81.97714093113439,-81.15369851840083,9.395045790655224,11.61166955507785,4.201592207925668,5.192896491483761,0.014755484620826858,0.002249409151986617,0.0010059663546104463,Across_DV
ecadGFPnbG4myoVI,4hAPF,145.3003734963635,-80.93444779268792,-86.01357867731956,9.709549251389488,11.596354057884088,4.342242431397818,5.18604719291687,0.015363551673259302,0.002699924253115652,0.0012074428328133892,Across_DV
ecadGFPnbG4myoVI,4hAPF,150.36630273533697,-79.51402885547385,-90.80500196442307,9.99634097913638,11.57970397940958,4.470499591123151,5.178601051456929,0.016428645861087998,0.0034645952175737784,0.0015494140842031285,Across_DV
ecadGFPnbG4myoVI,4hAPF,155.43223197431044,-77.69796942362167,-95.4802950335314,10.256861725446715,11.56000412091148,4.587008010782927,5.169791006907153,0.018206743793155983,0.004984333727302957,0.002229061807358862,Across_DV
ecadGFPnbG4myoVI,4hAPF,160.49816121328396,-75.46447729213506,-99.97316874125661,10.497238820797369,11.536581555658497,4.694507915870529,5.1593161172845345,0.02064230644609616,0.007105742512455081,0.003177784657691941,Across_DV
ecadGFPnbG4myoVI,4hAPF,165.56409045225743,-72.79254002778795,-104.20176770389757,10.729326712699208,11.510806057625635,4.798300776479957,5.147788964133456,0.023235209544566482,0.008935920201976987,0.0039962650026268386,Across_DV
ecadGFPnbG4myoVI,4hAPF,170.6300196912309,-69.66954352735243,-108.0766611724445,10.96939551554183,11.487462973020296,4.905662808966577,5.1373496193370425,0.02515760019997036,0.00944293174144446,0.004223007456152055,Across_DV
ecadGFPnbG4myoVI,4hAPF,175.69594893020437,-66.09979683757933,-111.51131454167371,11.234582528332595,11.474500091715981,5.0242580464366275,5.131552442580901,0.025813308740014917,0.008609292683373905,0.003850192735643125,Across_DV
ecadGFPnbG4myoVI,4hAPF,180.76187816917783,-62.11327899743111,-114.4340775466649,11.535958066941648,11.476871629773553,5.159037284653719,5.132613026642493,0.025141395649870252,0.007888319450473469,0.003527763703898492,Across_DV
ecadGFPnbG4myoVI,4hAPF,185.82780740815136,-57.77454586469198,-116.8030230209987,11.868241709607206,11.482879516977155,5.307639047216006,5.135299835480174,0.02327359203262358,0.008897213940889779,0.003978955036437668,Across_DV
ecadGFPnbG4myoVI,4hAPF,190.89373664712483,-53.19170439709778,-118.62200459615485,12.19859385443763,11.44665031022911,5.455377017686743,5.119097641668269,0.019847593584299578,0.01264300211775008,0.005654122434992595,Across_DV
ecadGFPnbG4myoVI,4hAPF,195.9596658860983,-48.52538989852634,-119.95676798123574,12.459898157822709,11.273036138784477,5.572235854723195,5.041455023826768,0.012510159602708976,0.02306633710996643,0.010315579553962196,Across_DV
ecadGFPnbG4myoVI,4hAPF,201.02559512507185,-43.99774326518865,-120.95106224269743,12.557315059523384,10.811589895235745,5.615802017595221,4.835089990119391,-0.009168996653031516,0.06141453509434427,0.027465415055500045,Across_DV
ecadGFPnbG4myoVI,6hAPF,-306.4368097350063,44.784561910262134,-263.6472725222084,16.36213452666552,8.256174257987738,6.184305553677215,3.120540552492683,0.007908142190242716,0.015692660107557214,0.0059312680076657855,Across_DV
ecadGFPnbG4myoVI,6hAPF,-301.36835033053535,44.89184127025601,-258.8004642275234,15.62768360811967,8.29157080602017,5.9067091992978895,3.133919190116107,0.007065938285337207,0.015624944445619586,0.005905673893187058,Across_DV
ecadGFPnbG4myoVI,6hAPF,-296.2998909260644,44.81565677301882,-254.00441855676806,14.69241413154515,8.2947164530505,5.553210564462785,3.1351081329381985,0.004935405197343976,0.012517036445949504,0.004730995083930594,Across_DV
ecadGFPnbG4myoVI,6hAPF,-291.2314315215935,44.62310221431209,-249.24085387608744,13.634180260236931,8.266272159241867,5.15323575697326,3.124357200418699,0.002592284195179481,0.008964375529319864,0.0033882154727961945,Across_DV
ecadGFPnbG4myoVI,6hAPF,-286.16297211712254,44.37138876581696,-244.49488012396782,12.532880690768,8.211652549028695,4.7369836455736465,3.103712928228508,0.0005985183295897344,0.006380856279562115,0.002411736981052313,Across_DV
ecadGFPnbG4myoVI,6hAPF,-281.0945127126516,44.10787291105776,-239.754934722529,11.46458378757525,8.137457782483798,4.33320536954101,3.0756699423913236,-0.0009783638079179974,0.005005983815475786,0.001892084034709026,Across_DV
ecadGFPnbG4myoVI,6hAPF,-276.0260533081806,43.87051485916064,-235.01259066128696,10.499066251858999,8.049707369602473,3.968274042972849,3.0425034038302914,-0.002215393535932311,0.004597051072302121,0.0017375219859391742,Across_DV
ecadGFPnbG4myoVI,6hAPF,-270.9575939037097,43.68872994356257,-230.262243041761,9.697752448381815,7.953123229584261,3.6654058935265756,3.0059980302472584,-0.003175159965577183,0.00470650420417594,0.0017788913812470716,Across_DV
ecadGFPnbG4myoVI,6hAPF,-265.88913449923876,43.584273246081814,-225.5007691000438,9.109726843009057,7.851025753555841,3.443153105475929,2.9674088115246042,-0.003885214681378804,0.004943941473742683,0.0018686342337116155,Across_DV
ecadGFPnbG4myoVI,6hAPF,-260.8206750947678,43.57211520183969,-220.72718226888028,8.765433936311387,7.7455623930332855,3.3130226184351295,2.9275474080429147,-0.004353440694413376,0.005085115818026969,0.0019219931203514487,Across_DV
ecadGFPnbG4myoVI,6hAPF,-255.75221569029688,43.661316667876186,-215.94228589415425,8.670898045006878,7.638080834749681,3.277291410097763,2.8869231975080414,-0.004588176913296224,0.005033710353666152,0.001902563681104518,Across_DV
ecadGFPnbG4myoVI,6hAPF,-250.68375628582592,43.855903991748754,-211.14832695136465,8.807442357262651,7.52952198140582,3.328900309121924,2.8458918077134427,-0.004612188444442971,0.0047807826077550615,0.0018069659789118207,Across_DV
ecadGFPnbG4myoVI,6hAPF,-245.615296881355,44.15574408013085,-206.34864976210204,9.138962857926881,7.420758076501821,3.4542032804472345,2.8047829157139774,-0.004465978265914107,0.004380389104638091,0.0016556314595098966,Across_DV
ecadGFPnbG4myoVI,6hAPF,-240.54683747688404,44.55741946741068,-201.5473497105239,9.622863970038887,7.312839976506627,3.637100709275228,2.763993707921137,-0.004201816244497812,0.003926543407939492,0.0014840939099297053,Across_DV
ecadGFPnbG4myoVI,6hAPF,-235.47837807241308,45.05510338428977,-196.74892695983164,10.218857196201018,7.207145486910503,3.862364974918667,2.7240449458609586,-0.003874101231680708,0.00352599080784223,0.0013326992575214678,Across_DV
ecadGFPnbG4myoVI,6hAPF,-230.40991866794215,45.641434826381634,-191.9579401687462,10.893038112185785,7.105438353417612,4.117181409541727,2.685603262749039,-0.003531647823320064,0.0032651537867458232,0.0012341121303014676,Across_DV
ecadGFPnbG4myoVI,6hAPF,-225.34145926347122,46.30838886243363,-187.17866098875317,11.618064534816604,7.009856286024258,4.39121563928915,2.6494766370175773,-0.0032095230229324946,0.003180429874144082,0.0012020895013236709,Across_DV
ecadGFPnbG4myoVI,6hAPF,-220.27299985900027,47.047966893632015,-182.41475809191144,12.371410711402447,6.922851549030174,4.675953729915935,2.616591937450302,-0.002907019992494053,0.003261962359679933,0.0012329058842523613,Across_DV
ecadGFPnbG4myoVI,6hAPF,-215.2045404545293,47.852316586722445,-177.66907568842348,13.13355764781918,6.847107510298367,4.964018195094281,2.587963381767444,-0.0026097184362830453,0.0034752962212744654,0.001313538504824962,Across_DV
ecadGFPnbG4myoVI,6hAPF,-210.13608105005838,48.71359423518424,-172.94347519486016,13.886759379799573,6.785414778273965,5.248701690791888,2.564645720819341,-0.0023042136780434433,0.003781502858256807,0.0014292737350039206,Across_DV
ecadGFPnbG4myoVI,6hAPF,-205.06762164558745,49.62386515343633,-168.2387336789996,14.614271318474975,6.7404723041527,5.523675357301258,2.5476590622723667,-0.0019796914520548857,0.004149666952929868,0.001568426683027943,Across_DV
ecadGFPnbG4myoVI,6hAPF,-199.9991622411165,50.575045969257516,-163.5544941976435,15.299956496028742,6.714624900459841,5.782839994085606,2.5378896619569384,-0.0016277955492472874,0.004559307011200851,0.0017232560717758045,Across_DV
ecadGFPnbG4myoVI,6hAPF,-194.93070283664554,51.55885611153464,-158.8892400731353,15.928201669658609,6.709578916902675,6.020294350057209,2.535982459440941,-0.0012430725177151776,0.004998404313768963,0.001889219252340734,Across_DV
ecadGFPnbG4myoVI,6hAPF,-189.8622434321746,52.566747630690735,-154.24032325032135,16.48405605889155,6.72619077393786,6.230387561353504,2.5422611512309494,-0.0008230719231939871,0.005458471975185818,0.0020631084835367433,Across_DV
ecadGFPnbG4myoVI,6hAPF,-184.79378402770365,53.58980596095973,-149.60404064525423,16.95351619588874,6.764349465806525,6.407826814632486,2.556683781093811,-0.00036508134967128337,0.00592892926912196,0.0022409246267126644,Across_DV
ecadGFPnbG4myoVI,6hAPF,-179.72532462323272,54.61857943448244,-144.9757572837728,17.323896878819575,6.822949981018011,6.547817554269237,2.5788326939437893,0.00013235385269591435,0.006393241763496075,0.0024164182539603766,Across_DV
ecadGFPnbG4myoVI,6hAPF,-174.65686521876177,55.64290062967156,-140.35008502735334,17.584201867767792,6.899960452930301,6.646203592238722,2.60793991637631,0.0006681558216827416,0.006820229176071393,0.00257780432633598,Across_DV
ecadGFPnbG4myoVI,6hAPF,-169.58840581429084,56.65177189712131,-135.72108723578557,17.72547025740537,6.992548385875312,6.6995980246809514,2.642934865658885,0.001242970547712402,0.007158889889131391,0.0027058060442766312,Across_DV
ecadGFPnbG4myoVI,6hAPF,-164.51994640981988,57.633263253008856,-131.08248702088216,17.74115258685217,7.097239372041318,6.705525388065868,2.6825043390739354,0.0018580716380809065,0.007348739509512095,0.0027775624559948256,Across_DV
ecadGFPnbG4myoVI,6hAPF,-159.45148700534895,58.574410359891594,-126.42787552540085,17.627526461076027,7.210087419249255,6.6625787493168085,2.7251568917670035,0.00251235966271447,0.007336508830852336,0.002772939693980645,Across_DV
ecadGFPnbG4myoVI,6hAPF,-154.383027600878,59.461112507504545,-121.75092020196682,17.38414547985807,7.326837343846447,6.570589385010295,2.7692842154912483,0.0031996552160645877,0.007091270930975171,0.0026802484803916827,Across_DV
ecadGFPnbG4myoVI,6hAPF,-149.31456819640707,60.27803169093318,-117.04557331370032,17.014306636541505,7.443062939712367,6.430803441497807,2.813213361582894,0.003906938118475003,0.006614432442891323,0.0025000204725325543,Across_DV
ecadGFPnbG4myoVI,6hAPF,-144.2461087919361,61.008555478990424,-112.30629332252742,16.52540465823893,7.554270710618164,6.246015862915506,2.855245948107835,0.004606689124769039,0.005959934842640477,0.0022526436319679397,Across_DV
ecadGFPnbG4myoVI,6hAPF,-139.17764938746515,61.63501456095006,-107.52831773075256,15.92880619024315,7.655970579028679,6.020522837361368,2.893684885276723,0.0052716251352970455,0.005201263300990243,0.001965892742541011,Across_DV
ecadGFPnbG4myoVI,6hAPF,-134.10918998299422,62.13905515401144,-102.70796720950428,15.239391845064135,7.74372338625442,5.75994870770078,2.92685232881488,0.005885756891476771,0.004403792710148996,0.0016644771909333418,Across_DV
ecadGFPnbG4myoVI,6hAPF,-129.04073057852327,62.50202278225794,-97.84295202459073,14.475014338036404,7.813175334174625,5.471041166076938,2.9531026977100048,0.0064444986322064,0.0036230870347802985,0.001369398181767299,Across_DV
ecadGFPnbG4myoVI,6hAPF,-123.97227117405234,62.70534605820861,-92.93267846287928,13.655889230175472,7.86008841613274,5.161440976355654,2.9708341760095425,0.006952060949804816,0.002914609806954765,0.0011016189597131832,Across_DV
ecadGFPnbG4myoVI,6hAPF,-118.90381176958138,62.73092046436991,-87.97855525867574,12.803901952897707,7.880373685111924,4.839420054088797,2.9785012870091103,0.0074179254192295475,0.002355031442978441,0.0008901182182655063,Across_DV
ecadGFPnbG4myoVI,6hAPF,-113.83535236511045,62.561492134787116,-82.98430002010359,11.941800437554992,7.87013183525889,4.513576309161832,2.9746302316267688,0.007853482376587272,0.0020609929543283895,0.00077898211585846,Across_DV
ecadGFPnbG4myoVI,6hAPF,-108.7668929606395,62.18104163509429,-77.95624565352364,11.092230661857844,7.8257035415180685,4.192469116605891,2.9578379149963197,0.008269215807425293,0.0021300601970200635,0.000805087079844619,Across_DV
ecadGFPnbG4myoVI,6hAPF,-103.69843355616857,61.5751653785798,-72.90364320877295,10.27656975126676,7.7437332664777445,3.8841782703801058,2.9268560631882825,0.008673050623339451,0.0025120987764262847,0.0009494840901790852,Across_DV
ecadGFPnbG4myoVI,6hAPF,-98.62997415169761,60.731424377228244,-67.83890723716125,9.513515863594183,7.6212910028210965,3.5957710098482982,2.8805772375312406,0.009068305515642531,0.003056304626362277,0.001155174567458681,Across_DV
ecadGFPnbG4myoVI,6hAPF,-93.56151474722668,59.63962743163795,-62.77772240530884,8.81746967511469,7.456095007588512,3.3326902790295656,2.818139020249922,0.00945042088670856,0.0036276571242941287,0.001371125513241999,Across_DV
ecadGFPnbG4myoVI,6hAPF,-88.49305534275572,58.292088169886306,-57.739018747644366,8.196951256224251,7.246684842640273,3.098156361841122,2.7389894176124856,0.009808026612749711,0.004124588790009299,0.0015589480283956306,Across_DV
ecadGFPnbG4myoVI,6hAPF,-83.4245959382848,56.68387419822697,-52.74481067361678,7.653450581355857,6.9925041321052905,2.89273241568433,2.64291813930602,0.010130651715109004,0.004467433522372237,0.0016885311569871783,Across_DV
ecadGFPnbG4myoVI,6hAPF,-78.35613653381384,54.81300270615288,-47.81992595288617,7.18117534277869,6.6939693054274905,2.714229154020204,2.530082580865844,0.010414749205989072,0.004598036062053156,0.0017378942770713433,Across_DV
ecadGFPnbG4myoVI,6hAPF,-73.28767712934291,52.68060677054142,-42.99170570137415,6.768026240829163,6.352558731960432,2.5580734714276154,2.4010415133855894,0.01067142732048163,0.00449475679752478,0.0016988583842810951,Across_DV
ecadGFPnbG4myoVI,6hAPF,-68.21921772487195,50.29105599061745,-38.28967980162299,6.397763247958806,5.970901341447903,2.418127214452552,2.2567885789104447,0.010936578479066353,0.004193114565875358,0.0015848483371583943,Across_DV
ecadGFPnbG4myoVI,6hAPF,-63.150758320400996,47.65185253685096,-33.74512275229368,6.052832568557135,5.552782497441899,2.2877556719877847,2.0987545103804877,0.011258906805271791,0.0037588363156090894,0.0014207065871571346,Across_DV
ecadGFPnbG4myoVI,6hAPF,-58.08229891593007,44.77335829954001,-29.3905195942038,5.716949720715182,5.103067382221856,2.1608038884103626,1.9287781738520604,0.011685926745053258,0.003254962989297189,0.0012302603709142509,Across_DV
ecadGFPnbG4myoVI,6hAPF,-53.01383951145911,41.668505483558086,-25.259023023011736,5.376867947993445,4.627598833755191,2.0322650604035473,1.7490679544983951,0.012259685623647511,0.002730504837604505,0.0010320338219943323,Across_DV
ecadGFPnbG4myoVI,6hAPF,-47.94538010698818,38.352507184663274,-21.38391049208464,5.023244152710017,4.13309897861023,1.8986078289757238,1.5621645773453907,0.013015386093119724,0.0022179480976272474,0.0008383055838815006,Across_DV
ecadGFPnbG4myoVI,6hAPF,-42.876920702517225,34.84256796580727,-17.798041315365968,4.650764517563907,3.627116307403564,1.7578237599710549,1.3709211036709623,0.013981388329485601,0.0017399236831221253,0.0006576293379675277,Across_DV
ecadGFPnbG4myoVI,6hAPF,-37.80846129804627,31.157594433444597,-14.533313770243407,4.257780961065223,3.1180992576701114,1.609289937137738,1.1785307427157463,0.015178940029841834,0.0013396101765336648,0.0005063250544113444,Across_DV
ecadGFPnbG4myoVI,6hAPF,-32.74000189357537,27.317905813841726,-11.620122200416533,3.845697514665367,2.6157736615333924,1.4535370344833902,0.9886695134928853,0.01662038661842231,0.0011881799334496196,0.00044908980238642413,Across_DV
ecadGFPnbG4myoVI,6hAPF,-27.67154248910441,23.344944529385963,-9.086814118764474,3.418303596176247,2.1322485278337613,1.2919973173143013,0.8059141911473882,0.018304860366408847,0.001618984506609252,0.0006119186258506696,Across_DV
ecadGFPnbG4myoVI,6hAPF,-22.603083084633454,19.260986774894878,-6.959147310213821,2.9812349341812694,1.6849151060779717,1.1268008908145217,0.6368380501340467,0.02020978695619929,0.002719620321426772,0.001027919861573255,Across_DV
ecadGFPnbG4myoVI,6hAPF,-17.534623680162497,15.088853093925223,-5.259746934606282,2.541804363368436,1.3035662211585928,0.9607117466931052,0.4927017198128372,0.022274265442555764,0.004446059137220465,0.0016804523987673924,Across_DV
ecadGFPnbG4myoVI,6hAPF,-12.466164275691597,10.85161895508215,-4.007562629566432,2.109685060577457,1.043256226456742,0.7973860021365982,0.3943137898463175,0.024367848568464776,0.006741336736631019,0.0025479857870384865,Across_DV
ecadGFPnbG4myoVI,6hAPF,-7.39770487122064,6.572325328328112,-3.217325613369439,1.6996245401256502,0.9771911946342146,0.6423976936221415,0.3693435549091781,0.026245831364581067,0.00933047378080525,0.003526587605488468,Across_DV
ecadGFPnbG4myoVI,6hAPF,-2.3292454667496827,2.273689261292269,-2.8990057878088513,1.3390829726219524,1.1146347323010044,0.5061257900626857,0.42129232919193016,0.027530702031406232,0.011586330639138788,0.004379221354132754,Across_DV
ecadGFPnbG4myoVI,6hAPF,2.7392139377212743,-2.0221854296539306,-3.057269261035379,1.0845984343399993,1.3769976999553426,0.4099396756619507,0.520456209998539,0.02781213001483438,0.012707109963524253,0.0048028361208337445,Across_DV
ecadGFPnbG4myoVI,6hAPF,7.8076733421921745,-6.2940765648574475,-3.6910123634225975,1.0255372286041387,1.6936340506246643,0.38761663816070663,0.640133501414834,0.026912788600633904,0.01225602081681456,0.004632340449217434,Across_DV
ecadGFPnbG4myoVI,6hAPF,12.876132746663131,-10.521776439285157,-4.793391752180158,1.1999007729855158,2.03026030259106,0.45351986332483485,0.7673662653403841,0.02503982876499083,0.01051583991866263,0.003974613893106715,Across_DV
ecadGFPnbG4myoVI,6hAPF,17.94459215113409,-14.686098771060546,-6.352315188839265,1.539950697667077,2.3728473480460472,0.5820466539039285,0.8968519974355665,0.022629063676108736,0.008206268104946596,0.0031016777996585696,Across_DV
ecadGFPnbG4myoVI,6hAPF,23.013051555605045,-18.768869468022412,-8.350991532213348,1.972006954883053,2.7159703901127212,0.7453485694729041,1.02654031720762,0.020098369468202593,0.00597210264412166,0.0022572426286424554,Across_DV
ecadGFPnbG4myoVI,6hAPF,28.081510960076002,-22.75291734326076,-10.768480918067878,2.4582847703069852,3.0575990479792154,0.9291443077156888,1.155663812842979,0.01771774062996282,0.004156854595416863,0.001571143356532719,Across_DV
ecadGFPnbG4myoVI,6hAPF,33.1499703645469,-26.622064830652707,-13.580244938790255,2.9819126549697166,3.396803193637766,1.1270570451951745,1.2838709289993582,0.015613856886785234,0.0028680463434658777,0.0010840196247741214,Across_DV
ecadGFPnbG4myoVI,6hAPF,38.21842976901786,-30.361118700398606,-16.758696823059786,3.5346837063155365,3.732703782722396,1.3359848643118537,1.4108294181362193,0.01382205343227796,0.0021042735931797933,0.0007953406597134336,Across_DV
ecadGFPnbG4myoVI,6hAPF,43.28688917348882,-33.955860774557685,-20.27375161551735,4.111809364165443,4.064015899786794,1.554117859441197,1.536053627864036,0.012331591929446748,0.0017953805883979166,0.0006785900779448148,Across_DV
ecadGFPnbG4myoVI,6hAPF,48.355348577959774,-37.393038642584266,-24.093376356435442,4.709852396020515,4.388911201214634,1.7801568788131399,1.6588525092513833,0.011113156469450877,0.001780534204920161,0.000672978672437552,Across_DV
ecadGFPnbG4myoVI,6hAPF,53.423807982430674,-40.66035637686348,-28.18414026138789,5.325932244916373,4.705065460949613,2.0130131742326673,1.7783475874217372,0.010133006302160947,0.0018884963090279503,0.0007137845122216199,Across_DV
ecadGFPnbG4myoVI,6hAPF,58.49226738690163,-43.74646524824751,-32.511764900920014,5.957445174349979,5.009811516511569,2.2517026258045534,1.8935307697138524,0.009359457389306696,0.0020228579142204804,0.0007645684255208885,Across_DV
ecadGFPnbG4myoVI,6hAPF,63.56072679137259,-46.640954441591234,-37.04167438021811,6.6019846259376855,5.300343303786631,2.4953156399575573,2.0033414635837,0.00876543563339585,0.0021456504984621967,0.0008109796599132499,Across_DV
ecadGFPnbG4myoVI,6hAPF,68.62918619584354,-49.33434177128828,-41.73954551877957,7.25731731836248,5.573931211174904,2.7430081156956128,2.106747972821406,0.008329161325024065,0.002242510577904484,0.0008475893287952859,Across_DV
ecadGFPnbG4myoVI,6hAPF,73.69764560031444,-51.81806439680704,-46.57185803008271,7.921341977843727,5.828118594245373,2.9939858461815736,2.2028217731092306,0.008034007713057121,0.0023047455900861422,0.0008711119523772492,Across_DV
ecadGFPnbG4myoVI,6hAPF,78.7661050047854,-54.08446953822655,-51.506444701256676,8.59199202659564,6.06087598954789,3.247467738431703,2.290795799363747,0.007868024050689638,0.002322364305079323,0.0008777712007047464,Across_DV
ecadGFPnbG4myoVI,6hAPF,83.83456440925636,-56.12680545316112,-56.51304131179537,9.267063905247035,6.270694497487163,3.5026209252895266,2.3700997411445965,0.007822765209421703,0.002283213668272378,0.0008629736508960339,Across_DV
ecadGFPnbG4myoVI,6hAPF,88.90302381372732,-57.939237723837685,-61.5638112840288,9.943976703407236,6.456604317497588,3.7584699143193485,2.4403670482920767,0.007886167180026245,0.0021861050569490954,0.0008262700457925715,Across_DV
ecadGFPnbG4myoVI,6hAPF,93.97148321819822,-59.51699367246828,-66.63374241746287,10.619523296685285,6.618121318538118,4.013802526440865,2.5014147364723915,0.008042441801448013,0.0020422881614996914,0.0007719123686942144,Across_DV
ecadGFPnbG4myoVI,6hAPF,99.03994262266917,-60.85660313571402,-71.70094742358468,11.289664429406178,6.75516404526719,4.267092066511524,2.5532120184602927,0.008273748526178988,0.0018788107563254529,0.0007101237173986174,Across_DV
ecadGFPnbG4myoVI,6hAPF,104.10840202714013,-61.956148648443865,-76.74695493103609,11.949381603812068,6.8679877837543035,4.516441720670983,2.595855383320506,0.008557507350067531,0.0017587848729188299,0.0006647581976293662,Across_DV
ecadGFPnbG4myoVI,6hAPF,109.17686143161109,-62.81550725058974,-81.7569782937995,12.592610167914247,6.957161351465383,4.759559265926344,2.6295598238467766,0.00886565948420585,0.0017949592294220927,0.0006784308192215699,Across_DV
ecadGFPnbG4myoVI,6hAPF,114.24532083608204,-63.43651722201722,-86.71999894816881,13.212292804664168,7.0235499265376635,4.993777287158497,2.6546523466378047,0.009166470362910144,0.002091682145753695,0.0007905815399226048,Across_DV
ecadGFPnbG4myoVI,6hAPF,119.31378024055294,-63.82300457770573,-91.62855709147824,13.800532135221143,7.068279907913141,5.2161108557357645,2.671558690476099,0.009423078214076905,0.002642486791895591,0.0009987661277326605,Across_DV
ecadGFPnbG4myoVI,6hAPF,124.3822396450239,-63.980730617251254,-96.47840746175507,14.348819234150202,7.092709866052826,5.423343900140244,2.6807923467300028,0.009590514664810451,0.003345715059384292,0.0012645614292592193,Across_DV
ecadGFPnbG4myoVI,6hAPF,129.45069904949486,-63.9173291312092,-101.26815850156869,14.84834091697047,7.098421043435825,5.612145349744089,2.68295096887983,0.009617162631274023,0.004073989678446254,0.0015398233618589695,Across_DV
ecadGFPnbG4myoVI,6hAPF,134.51915845396582,-63.64224351869856,-105.99891136790448,15.290345906494025,7.08723199837314,5.779207532676809,2.678721907359236,0.009451804851762082,0.0047051548898684546,0.001778381388375919,Across_DV
ecadGFPnbG4myoVI,6hAPF,139.58761785843672,-63.166663905006025,-110.673898942037,15.666548555331202,7.061233066784044,5.921398768589228,2.6688952348823602,0.009056140075743705,0.005144443143549708,0.0019444167416776976,Across_DV
ecadGFPnbG4myoVI,6hAPF,144.65607726290767,-62.503464259190075,-115.29812483940398,15.96954898714909,7.022833776552511,6.035922167122844,2.6543816673860707,0.008418099251391035,0.005349510615544833,0.0020219249606616696,Across_DV
ecadGFPnbG4myoVI,6hAPF,149.72453666737863,-61.667139511685185,-119.87800241947932,16.19324851010764,6.974813857193337,6.120472639430288,2.636231843871535,0.007558155724346927,0.0053420547633921765,0.002019106913431956,Across_DV
ecadGFPnbG4myoVI,6hAPF,154.7929960718496,-60.673742671905885,-124.42099379564695,16.333237927627856,6.920366292146027,6.173383665850185,2.615652598641793,0.006524019113211295,0.005193164450693337,0.00196283166485656,Across_DV
ecadGFPnbG4myoVI,6hAPF,159.8614554763205,-59.540821945850965,-128.93524884507417,16.387133081289257,6.863119618644167,6.193754119201568,2.594015389860131,0.0053769465659022605,0.004988992244911337,0.001885661824695035,Across_DV
ecadGFPnbG4myoVI,6hAPF,164.92991488079144,-58.28735699280544,-133.42924468141652,16.354825540987548,6.807127168310584,6.181543016757208,2.572852232877303,0.004178409534224754,0.004797959322885265,0.0018134581669940377,Across_DV
ecadGFPnbG4myoVI,6hAPF,169.9983742852624,-56.93364513799418,-137.9114520317925,16.238583442421675,6.756798683512919,6.137607633231271,2.5538298536434008,0.0029851871065034005,0.004658232350156492,0.0017606463353814325,Across_DV
ecadGFPnbG4myoVI,6hAPF,175.06683368973336,-55.50098778753494,-142.39010902735728,16.042909727852606,6.716723343267398,6.0636499208224155,2.538682798786837,0.0018408768087091753,0.004568976101967821,0.0017269106445720207,Across_DV
ecadGFPnbG4myoVI,6hAPF,180.13529309420431,-54.011255353609734,-146.87306030821534,15.774249772337262,6.691427134936864,5.962106002317375,2.529121730736055,0.0007761857104178262,0.004504517044284805,0.0017025474108041882,Across_DV
ecadGFPnbG4myoVI,6hAPF,185.20375249867521,-52.48644325858644,-151.36760092439422,15.440651551331964,6.68513785383811,5.836017726518293,2.526744605919957,-0.00018696371755140228,0.004432157615840321,0.00167519811756492,Across_DV
ecadGFPnbG4myoVI,6hAPF,190.27221190314617,-50.948227937105806,-155.8803202379123,15.051407784788202,6.70159635007423,5.688897411424453,2.532965332776367,-0.0010332634407669492,0.0043219942248421,0.0016335602695413678,Across_DV
ecadGFPnbG4myoVI,6hAPF,195.34067130761713,-49.41752283816876,-160.41694582484612,14.616701596505555,6.743936194867156,5.524593916056352,2.5489682899008175,-0.0017534956066218679,0.004151545895348495,0.0015691368565090144,Across_DV
ecadGFPnbG4myoVI,6hAPF,200.40913071208809,-47.914034427223534,-164.98218737739836,14.147275860162761,6.814631845681381,5.34716766500258,2.5756887343048604,-0.0023447296783471534,0.003908348174420724,0.0014772167580815042,Across_DV
ecadGFPnbG4myoVI,6hAPF,205.47759011655899,-46.455818249256716,-169.57958067683276,13.654145578843966,6.915489547798444,5.16078193809903,2.613809362534458,-0.0028104659113264816,0.0035923017468217373,0.0013577624366276043,Across_DV
ecadGFPnbG4myoVI,6hAPF,210.54604952102994,-45.058845702499795,-174.2113441335544,13.148368912433085,7.0476407982950295,4.969616326918677,2.66375784028591,-0.003163450796699507,0.003220907686670511,0.001217388676403789,Across_DV
ecadGFPnbG4myoVI,6hAPF,215.61450892550084,-43.736651178901774,-178.87834093138414,12.640848719955535,7.211574045633748,4.777791724827358,2.72571878372498,-0.003422450231070031,0.002833756330543898,0.0010710592181105859,Across_DV
ecadGFPnbG4myoVI,6hAPF,220.68296832997186,-42.50005827998566,-183.58019218585338,12.142173101195612,7.407196046128178,4.589310057380214,2.799656950050868,-0.0036061764437787316,0.002494809921414567,0.0009429495172056483,Across_DV
ecadGFPnbG4myoVI,6hAPF,225.75142773444276,-41.356955998004096,-188.31548713089913,11.66263023170715,7.6337500972784085,4.408059889428674,2.8852863326019706,-0.0037302754251073334,0.002292099323520538,0.0008663321128992464,Across_DV
ecadGFPnbG4myoVI,6hAPF,230.81988713891377,-40.31215247136163,-193.08206703278987,11.21245466493535,7.889584975714969,4.237909518572141,2.981982827607625,-0.003798386740084091,0.0022880793410857167,0.0008648127023567628,Across_DV
ecadGFPnbG4myoVI,6hAPF,235.88834654338467,-39.367251007383985,-197.87732758307166,10.802365545966872,8.171817781708562,4.082910400834401,3.0886568013909086,-0.00379815396669007,0.002451000966692741,0.0009263912887211283,Across_DV
ecadGFPnbG4myoVI,6hAPF,240.95680594785557,-38.52052673228338,-202.6985218008293,10.444417300072297,8.475938742017274,3.9476186807102813,3.203603719885051,-0.003701351703048247,0.0026682632486283255,0.0010085087126176936,Across_DV
ecadGFPnbG4myoVI,6hAPF,246.02526535232658,-37.76680753325418,-207.54306018189342,10.153101649298996,8.795419292411,3.8375117142864106,3.3243560177513136,-0.003474050602776928,0.0028409366737297483,0.0010737731327388512,Across_DV
ecadGFPnbG4myoVI,6hAPF,251.09372475679749,-37.0975173392633,-212.40870672093277,9.94626931300515,9.121507923683671,3.7593364392978397,3.447605935424589,-0.0031102590158381335,0.002974779812163375,0.001124361084022818,Across_DV
ecadGFPnbG4myoVI,6hAPF,256.1621841612684,-36.501234653352945,-217.29344444146764,9.844761951864031,9.44360197372539,3.7209702630375796,3.569346043308015,-0.0026372564801005224,0.0031501716219595947,0.0011906529569825808,Across_DV
ecadGFPnbG4myoVI,6hAPF,261.2306435657394,-35.964503719690406,-222.19517888116937,9.870591512299603,9.750095206858258,3.7307329192356704,3.6851895966499737,-0.0021033837295014895,0.00341344362402116,0.0012901604204998646,Across_DV
ecadGFPnbG4myoVI,6hAPF,266.2991029702103,-35.47265929920469,-227.11143284835472,10.044142124036284,10.029472121995925,3.796328884741154,3.7907841451509254,-0.0015593602696344355,0.0037146252556708743,0.0014039963771864078,Across_DV
ecadGFPnbG4myoVI,6hAPF,271.3675623746813,-35.01065144538146,-232.03904117837934,10.381050921324041,10.271534721756636,3.923668440760194,3.8822752081047263,-0.0010412089827959612,0.003957588176905839,0.0014958277296717635,Across_DV
ecadGFPnbG4myoVI,6hAPF,276.4360217791522,-34.56387028005797,-236.97384549003021,10.889641683599317,10.46866009884841,4.11589768020093,3.956781597373964,-0.0005641007030415112,0.004072004902758241,0.001539073187162008,Across_DV
ecadGFPnbG4myoVI,6hAPF,281.5044811836231,-34.1189707692179,-241.91038894191925,11.56953984764289,10.617004688950326,4.372875031473599,4.012850582195604,-0.00012694694307879492,0.004034605695109849,0.0015249376153522209,Across_DV
ecadGFPnbG4myoVI,6hAPF,286.5729405880941,-33.66469749878632,-246.84161098887628,12.4114447983626,10.717593616356565,4.691085192496234,4.050869623133266,0.00027817054835408604,0.003854866824312057,0.00145700270777186,Across_DV
ecadGFPnbG4myoVI,6hAPF,291.641399992565,-33.192709450424566,-251.75854213834148,13.397463553955262,10.777262748596645,5.063765251831029,4.073422435255306,0.0006572423920193357,0.0035542018332635284,0.0013433620228778787,Across_DV
ecadGFPnbG4myoVI,6hAPF,296.70985939703604,-32.698404777325116,-256.6499987067593,14.50131073931195,10.809470975544201,5.4809802715270886,4.085596000780101,0.0010082537804553331,0.0031520796429769186,0.001191374121140884,Across_DV
ecadGFPnbG4myoVI,6hAPF,301.77831880150694,-32.181745580006584,-261.50227757597065,15.687983440179819,10.835096335725972,5.929500393545049,4.095281476536876,0.001316009357214487,0.0026636298950530627,0.0010067574695753541,Across_DV
ecadGFPnbG4myoVI,6hAPF,306.84677820597784,-31.648082578244814,-266.2988507929071,16.91290555799105,10.88349892308095,6.392477436280917,4.113575934958783,0.0015411516138325088,0.0021268364100219947,0.0008038686028907999,Across_DV
ecadGFPnbG4myoVI,6hAPF,311.91523761044886,-31.108965704123744,-271.02004125886486,18.120790770342055,10.994361324626365,6.849015134022803,4.155477984135433,0.0015820821593564517,0.0018263825120788497,0.000690307703691151,Across_DV
ecadGFPnbG4myoVI,6hAPF,316.98369701491976,-30.58283942544034,-275.6425224244604,19.2445581322758,11.2208609987504,7.27375927276106,4.241086814102486,0.0010502714552571037,0.003295300837789382,0.0012455066445619285,Across_DV
ecadGFPnbG4myoVI,6hAPF,322.05215641939066,-30.09570648414362,-280.13855743393964,20.204898960124947,11.634590912959775,7.6367339876683085,4.397462023094785,-0.0026172868592278966,0.01289595212702363,0.004874211749642709,Across_DV
