genotype,devstage,arclength,x,y,x_sd,y_sd,curvature,curvature_sd,crosssection
ecadGFPnbG4,wL3,-315.11627388179124,227.2399922668741,-186.89223893935892,8.848655389662367,15.477650316690509,-0.006099328084747929,0.022016638641437533,Along_DV
ecadGFPnbG4,wL3,-308.5500602945471,224.69061945952754,-181.48306835324135,7.273597815497494,14.487193065452825,-0.015816636716439552,0.04504928806947707,Along_DV
ecadGFPnbG4,wL3,-301.98384670730303,222.46146265151967,-175.59657610339377,6.820703469299252,14.18399200492527,-0.006680430081069908,0.0256488757974339,Along_DV
ecadGFPnbG4,wL3,-295.4176331200589,220.34457211504846,-169.4458405951926,6.982002215270186,14.226169637797561,0.0007641903855093735,0.00948807161971059,Along_DV
ecadGFPnbG4,wL3,-288.85141953281476,218.18562104219677,-163.19433732824436,7.420884938447053,14.441716422551599,0.003742581004659314,0.003095955522009721,Along_DV
ecadGFPnbG4,wL3,-282.2852059455707,215.8770864568693,-156.9622753918288,7.923896095744166,14.721812298965625,0.005287950303929609,0.0021378393643807668,Along_DV
ecadGFPnbG4,wL3,-275.71899235832655,213.35133500000575,-150.83247889340387,8.352854339552836,14.982534784562727,0.006388529720484744,0.004644167767916504,Along_DV
ecadGFPnbG4,wL3,-269.1527787710824,210.5737153092405,-144.8560966958554,8.62540178417086,15.162532960635984,0.007174033950078409,0.006918630209367547,Along_DV
ecadGFPnbG4,wL3,-262.58656518383833,207.53569921003452,-139.05828571863765,8.706902987750384,15.22840356799569,0.0074030404952349005,0.008005110907540936,Along_DV
ecadGFPnbG4,wL3,-256.0203515965942,204.2483885618095,-133.44375323425513,8.602656118520429,15.17578671481861,0.0069100638982219345,0.007444293640936272,Along_DV
ecadGFPnbG4,wL3,-249.45413800935006,200.73641083383765,-128.0021493447469,8.347877176902035,15.024355084508686,0.005911109774616973,0.005675627858192493,Along_DV
ecadGFPnbG4,wL3,-242.88792442210595,197.03203454588734,-122.71337825155369,7.995678387379406,14.808535493588264,0.0047878321963144834,0.0035809910252960608,Along_DV
ecadGFPnbG4,wL3,-236.32171083486185,193.16983913001266,-117.55270795967364,7.6034760037279,14.56637173963819,0.0038043062222912604,0.0019062878375178604,Along_DV
ecadGFPnbG4,wL3,-229.7554972476177,189.18172587843185,-112.49572797047239,7.219686931853549,14.329381756631294,0.0030627642953618625,0.0013963369551573351,Along_DV
ecadGFPnbG4,wL3,-223.1892836603736,185.09322387757098,-107.52211319032351,6.875029497644172,14.116714065644574,0.002520093935058294,0.001955301148644691,Along_DV
ecadGFPnbG4,wL3,-216.6230700731295,180.92302430117414,-102.6163871898779,6.581646710475914,13.93505998433375,0.002128199241264279,0.002661228241404592,Along_DV
ecadGFPnbG4,wL3,-210.05685648588536,176.68378072153442,-97.76750874262058,6.336563968420026,13.781240312307759,0.0018630132005840478,0.003235945930082847,Along_DV
ecadGFPnbG4,wL3,-203.49064289864125,172.38295776101234,-92.96841343267909,6.127095252098216,13.645567703728187,0.0017148867481904743,0.0036185971614912985,Along_DV
ecadGFPnbG4,wL3,-196.92442931139715,168.02367900922596,-88.21555486114637,5.936691322569974,13.515222963840943,0.0016783273181750083,0.003786384712739415,Along_DV
ecadGFPnbG4,wL3,-190.358215724153,163.60557047105746,-83.50844435065231,5.749713684358244,13.377082336181976,0.0017440661481007726,0.0037391136630051027,Along_DV
ecadGFPnbG4,wL3,-183.7920021369089,159.12559541385593,-78.84921802502168,5.554365861867915,13.219681412499224,0.0018968965811765259,0.0035029266227603584,Along_DV
ecadGFPnbG4,wL3,-177.2257885496648,154.57883301063507,-74.24226257313542,5.343749259560831,13.03429511217765,0.002114587605602149,0.0031253074117945745,Along_DV
ecadGFPnbG4,wL3,-170.65957496242066,149.9592165585471,-69.69385881133044,5.115519434045607,12.815305128075437,0.0023715982580772006,0.0026649129772476935,Along_DV
ecadGFPnbG4,wL3,-164.09336137517656,145.2602232962458,-65.21180977198948,4.870804997064043,12.56006038917997,0.0026430364483960877,0.0021812788575945223,Along_DV
ecadGFPnbG4,wL3,-157.52714778793245,140.4755234603952,-60.805043590471506,4.612886295539389,12.268426034091279,0.002906616074861783,0.0017278986858791398,Along_DV
ecadGFPnbG4,wL3,-150.9609342006883,135.59960338954426,-56.48317796629334,4.3459716492950236,11.942164148801924,0.0031469320440474097,0.0013431167346603548,Along_DV
ecadGFPnbG4,wL3,-144.3947206134442,130.6282218171692,-52.256143899434534,4.074303538056717,11.584301890666012,0.003363754473323282,0.001036770408788825,Along_DV
ecadGFPnbG4,wL3,-137.8285070262001,125.55846556684207,-48.13400572742845,3.801663617001919,11.19859408831836,0.0035608591881229577,0.000815744941309485,Along_DV
ecadGFPnbG4,wL3,-131.26229343895596,120.38864901740884,-44.12685817857613,3.531151357435835,10.789088563360705,0.0037419561480096625,0.000689383372258586,Along_DV
ecadGFPnbG4,wL3,-124.69607985171186,115.11820764613661,-40.244726344522064,3.2651275860100517,10.359782194865096,0.003910172432606644,0.0006557043152107508,Along_DV
ecadGFPnbG4,wL3,-118.12986626446775,109.747591571861,-36.49746565282977,3.00526269181415,9.914361905196085,0.004067813525193868,0.0006880765239887196,Along_DV
ecadGFPnbG4,wL3,-111.56365267722362,104.27815909813359,-32.89466183955751,2.7526480677672582,9.456025817734663,0.004216282871009108,0.0007494614860831076,Along_DV
ecadGFPnbG4,wL3,-104.99743908997951,98.71207025636919,-29.445530921834017,2.5079408173337807,8.987378851991082,0.004356089295958198,0.0008114950385685658,Along_DV
ecadGFPnbG4,wL3,-98.4312255027354,93.05218034589241,-26.158819175786093,2.2715194581921336,8.51039398156368,0.0044869086465809385,0.0008566294986612218,Along_DV
ecadGFPnbG4,wL3,-91.86501191549127,87.3019326845603,-23.04270175048345,2.04363221951891,8.026427632696947,0.004607147513849897,0.0008745546381661413,Along_DV
ecadGFPnbG4,wL3,-85.29879832824716,81.465254115704,-20.10465484762044,1.8245132421302672,7.53629325810653,0.004712947682817221,0.000860544733043733,Along_DV
ecadGFPnbG4,wL3,-78.73258474100305,75.54647061910096,-17.351284725420157,1.6144560867168243,7.040392326309808,0.00480084191099482,0.0008130532722411006,Along_DV
ecadGFPnbG4,wL3,-72.16637115375892,69.55022069451671,-14.788185453872904,1.4138553461831154,6.53887904283817,0.004868310077897048,0.0007342001180859188,Along_DV
ecadGFPnbG4,wL3,-65.60015756651481,63.48137472125378,-12.419868025185501,1.223226644043462,6.031798234229923,0.00491548122411587,0.0006361066733974839,Along_DV
ecadGFPnbG4,wL3,-59.0339439792707,57.34499667051259,-10.249805753072552,1.043225735470496,5.519140416257287,0.004943632013268828,0.0005427552090741885,Along_DV
ecadGFPnbG4,wL3,-52.46773039202657,51.146323169142676,-8.28052399155771,0.8746616492542603,5.000824473913619,0.004954427878165063,0.0004925286778731837,Along_DV
ecadGFPnbG4,wL3,-45.90151680478243,44.8907432197048,-6.513691520217102,0.7185022675410261,4.476642951660402,0.004949684184834477,0.0005213966371341813,Along_DV
ecadGFPnbG4,wL3,-39.33530321753835,38.583777920533116,-4.950211929422676,0.5758867461232814,3.946218242641253,0.004931171992061002,0.0006245759993771087,Along_DV
ecadGFPnbG4,wL3,-32.76908963029422,32.231060185797006,-3.5903150055855524,0.4481778256419524,3.4090463476969606,0.0049005202685705835,0.0007665527494937663,Along_DV
ecadGFPnbG4,wL3,-26.202876043050082,25.83831446556358,-2.433648116399481,0.3371318071547158,2.8647737882326423,0.004859233349269399,0.0009157335827827593,Along_DV
ecadGFPnbG4,wL3,-19.636662455806004,19.41133646585963,-1.4793675960841777,0.2453640898629774,2.3140710707798395,0.004808810967963129,0.0010511734332352759,Along_DV
ecadGFPnbG4,wL3,-13.070448868561868,12.955972868733545,-0.7262301306286864,0.1773430127075984,1.761318675653671,0.004750935416103211,0.0011585277618088878,Along_DV
ecadGFPnbG4,wL3,-6.504235281317733,6.478101052317791,-0.17268414303481486,0.13969812562027398,1.2245385494901442,0.004687678783814104,0.0012270236857674565,Along_DV
ecadGFPnbG4,wL3,0.061978305926345456,-0.01639118910913695,0.18303882143951644,0.13436278279337532,0.7833641585310664,0.0046216817966027056,0.001247952820770886,Along_DV
ecadGFPnbG4,wL3,6.628191893170481,-6.521625840051045,0.3428335559362785,0.15019420550740797,0.7268187689507193,0.004555872067396455,0.0012164736722105993,Along_DV
ecadGFPnbG4,wL3,13.194405480414616,-13.031752711468606,0.3086520191457283,0.17477309945246997,1.1577737420390906,0.004492191932313956,0.0011385115813735804,Along_DV
ecadGFPnbG4,wL3,19.760619067658695,-19.540962135702035,0.08248742563934353,0.20390141358170916,1.7762449924434884,0.004432322847060656,0.0010229489492025378,Along_DV
ecadGFPnbG4,wL3,26.32683265490283,-26.04349559069632,-0.33362105908138395,0.23908845133056628,2.465141688342303,0.004377768744668176,0.0008792121580140964,Along_DV
ecadGFPnbG4,wL3,32.893046242146966,-32.53365624687331,-0.9375828538306922,0.28398925535948205,3.19408721701662,0.00432964758960576,0.0007178131121347428,Along_DV
ecadGFPnbG4,wL3,39.459259829391044,-39.00581951400442,-1.7272504969842999,0.3422261046118812,3.9509000085642314,0.004288548787869331,0.0005521112573388822,Along_DV
ecadGFPnbG4,wL3,46.02547341663518,-45.4544435880832,-2.7004141817251877,0.41643080465629884,4.72788785143972,0.004254463512579214,0.0004036467267640611,Along_DV
ecadGFPnbG4,wL3,52.591687003879315,-51.874079998197594,-3.8547962912893183,0.5082482845219943,5.518611144607513,0.004226789062952675,0.0003142098836216498,Along_DV
ecadGFPnbG4,wL3,59.15790059112339,-58.25938415340247,-5.1880459342113925,0.6187718669608886,6.317029958115898,0.004204404449926411,0.0003302255511582399,Along_DV
ecadGFPnbG4,wL3,65.72411417836753,-64.60512588959234,-6.697733479570657,0.7489553649661022,7.117345801309677,0.004185810128123024,0.000423615954505272,Along_DV
ecadGFPnbG4,wL3,72.29032776561166,-70.90620001637352,-8.381345092236586,0.8998405665619962,7.9140817226347115,0.004169318420912019,0.0005354136897826082,Along_DV
ecadGFPnbG4,wL3,78.85654135285574,-77.15763686393667,-10.236277268114653,1.0726189392819694,8.702247761764196,0.004153272322368445,0.0006343285246286394,Along_DV
ecadGFPnbG4,wL3,85.42275494009988,-83.35461282997814,-12.259831370918283,1.26858781162513,9.477529907291412,0.00413627093133993,0.0007056271181524235,Along_DV
ecadGFPnbG4,wL3,91.98896852734401,-89.49246088386043,-14.449212026118298,1.4890502168405522,10.236470315979245,0.004118336102164919,0.0007431558753840918,Along_DV
ecadGFPnbG4,wL3,98.55518211458809,-95.56667700169216,-16.80157065948129,1.735186986106277,10.976589810306333,0.004101924302650423,0.0007494151160466776,Along_DV
ecadGFPnbG4,wL3,105.12139570183223,-101.57291302467917,-19.314124801540128,2.007912992926292,11.696396128253872,0.004089778209245131,0.0007301084773180867,Along_DV
ecadGFPnbG4,wL3,111.68760928907636,-107.50696107129575,-21.984276278134516,2.3077390111647405,12.395293284424506,0.004082790352624373,0.000692353024852581,Along_DV
ecadGFPnbG4,wL3,118.25382287632044,-113.36472450063286,-24.809647286547627,2.634667316579487,13.073401475188412,0.004081445396475291,0.0006435447635001612,Along_DV
ecadGFPnbG4,wL3,124.82003646356458,-119.14217988849175,-27.788081830477534,2.9881385557802327,13.731346069931533,0.004086191394082005,0.0005908787177426078,Along_DV
ecadGFPnbG4,wL3,131.3862500508087,-124.83533834364749,-30.917645668979606,3.3670191041622544,14.370051936130261,0.004097396680560632,0.0005411904899485771,Along_DV
ecadGFPnbG4,wL3,137.9524636380528,-130.440206824093,-34.19662626539299,3.769614518757057,14.990548922390087,0.004115359885392456,0.0005009096341155639,Along_DV
ecadGFPnbG4,wL3,144.51867722529693,-135.9527494532834,-37.62353273626719,4.193697068239497,15.593791716372014,0.0041403617828539374,0.00047617461160629333,Along_DV
ecadGFPnbG4,wL3,151.08489081254106,-141.3688488363796,-41.19709580028825,4.636538801506134,16.180496036166154,0.004172743030046581,0.00047318110790693304,Along_DV
ecadGFPnbG4,wL3,157.65110439978514,-146.68426737649267,-44.91626772720537,5.094945258952715,16.750991882591038,0.004212988186159271,0.0004986386870409677,Along_DV
ecadGFPnbG4,wL3,164.21731798702928,-151.89460859092767,-48.78022228675741,5.565288256000253,17.305093490669993,0.00426179215042758,0.0005598478522378377,Along_DV
ecadGFPnbG4,wL3,170.7835315742734,-156.99527845314208,-52.78835464854859,6.043539172326313,17.84198485112851,0.004319980945737675,0.0006639052027313826,Along_DV
ecadGFPnbG4,wL3,177.3497451615175,-161.9814523396751,-56.940270175288966,6.525309689491331,18.360124254312563,0.004386539862888114,0.0008133905140078296,Along_DV
ecadGFPnbG4,wL3,183.91595874876162,-166.84807088538867,-61.235699572580636,7.005909188642904,18.857191117023145,0.004458920499018354,0.0010042961254463144,Along_DV
ecadGFPnbG4,wL3,190.48217233600576,-171.58985152253695,-65.67432946920611,7.480402148958376,19.330091633416295,0.004532740767671098,0.0012289512532470124,Along_DV
ecadGFPnbG4,wL3,197.04838592324984,-176.20132835028116,-70.25557011455845,7.943691876118002,19.77504341770402,0.00460304229068671,0.0014789409458362273,Along_DV
ecadGFPnbG4,wL3,203.61459951049403,-180.67690496962624,-74.97830584024683,8.390607345085105,20.187679074413058,0.0046660520245084686,0.001744599569022295,Along_DV
ecadGFPnbG4,wL3,210.1808130977381,-185.01086948306303,-79.84070648741316,8.816015060206148,20.563193393813,0.004722318538634699,0.002010856335028002,Along_DV
ecadGFPnbG4,wL3,216.7470266849822,-189.19732369305817,-84.84017723877527,9.215003712945041,20.896608531382057,0.00477327967699655,0.00226138097825629,Along_DV
ecadGFPnbG4,wL3,223.31324027222638,-193.2300883494913,-89.973362113107,9.583058513862563,21.183074562547347,0.004820934021930314,0.0024821542307538733,Along_DV
ecadGFPnbG4,wL3,229.87945385947046,-197.10260866591094,-95.23614995367102,9.916173615499519,21.418151529766508,0.004868612161234755,0.002664468089544367,Along_DV
ecadGFPnbG4,wL3,236.44566744671454,-200.8078598367838,-100.62368041720465,10.210869502977745,21.59806566399484,0.004921722072962073,0.0028083972522615092,Along_DV
ecadGFPnbG4,wL3,243.01188103395873,-204.3382525547419,-106.13034996290561,10.464078122893362,21.719934477859866,0.004988206291370273,0.0029269050982330966,Along_DV
ecadGFPnbG4,wL3,249.5780946212028,-207.68553852783057,-111.74981784141693,10.672861993178858,21.78195624021182,0.005078415721100328,0.003050067528871777,Along_DV
ecadGFPnbG4,wL3,256.1443082084469,-210.8407147989075,-117.47501326518933,10.833947671556409,21.78356198657936,0.005205249378845083,0.003227033618596473,Along_DV
ecadGFPnbG4,wL3,262.7105217956911,-213.79385474554428,-123.29821513358047,10.943109981764646,21.725523072442396,0.005388443977108058,0.0035150895415313596,Along_DV
ecadGFPnbG4,wL3,269.27673538293516,-216.53373396564461,-129.2113496121631,10.994803436982686,21.610111226910757,0.005630810488660324,0.003917714080706085,Along_DV
ecadGFPnbG4,wL3,275.84294897017924,-219.0476278067159,-135.20613130921745,10.982897556623074,21.441733668589627,0.005928915498158768,0.004368180085973359,Along_DV
ecadGFPnbG4,wL3,282.40916255742343,-221.32094684190557,-141.2741178843553,10.902188030474328,21.227827487326575,0.006281007710003989,0.004756616588105969,Along_DV
ecadGFPnbG4,wL3,288.9753761446675,-223.33655735513548,-147.40685412786652,10.750436049093473,20.97977194222076,0.006690093916658994,0.004976587799835463,Along_DV
ecadGFPnbG4,wL3,295.5415897319116,-225.0740674214118,-153.59602704974006,10.531070873178166,20.713843675380247,0.007179492379256701,0.004983051878052583,Along_DV
ecadGFPnbG4,wL3,302.1078033191558,-226.50910350798154,-159.83357971091422,10.256342028540699,20.45207084146255,0.007799320384532581,0.004848113215983278,Along_DV
ecadGFPnbG4,wL3,308.67401690639986,-227.61271267112627,-166.1112975859409,9.951044139857105,20.222430008933376,0.008600318500399811,0.004760485187948669,Along_DV
ecadGFPnbG4,wL3,315.24023049364394,-228.35124920614024,-172.41943801345738,9.65752505300342,20.057982833367934,0.009616995991505459,0.004905303223665753,Along_DV
ecadGFPnbG4,wL3,321.8064440808881,-228.6863966554903,-178.74503441471643,9.440834908658172,19.995719490084735,0.010834973981800495,0.0053208210636838775,Along_DV
ecadGFPnbG4,wL3,328.3726576681322,-228.57517926307943,-185.07018478798327,9.389902815418207,20.07597952850146,0.012185422072800677,0.005940867834240175,Along_DV
ecadGFPnbG4,wL3,334.9388712553763,-227.96997337433132,-191.3703401854406,9.608748041150253,20.343607699582034,0.013594793784987144,0.006823261098626097,Along_DV
ecadGFPnbG4,0hAPF,-470.031715064104,188.1228776442258,-338.71114120485254,21.154944859451156,16.159830422583735,0.011144318348853105,0.008876676881375658,Along_DV
ecadGFPnbG4,0hAPF,-460.7402420369293,194.1880246136535,-332.45189257014147,19.217034388583215,14.515305270393144,0.011474359056054446,0.009420218053059816,Along_DV
ecadGFPnbG4,0hAPF,-451.44876900975464,199.59126579192747,-325.38480801574065,17.717080006187228,13.641713320945241,0.011140942012621693,0.009168459462735012,Along_DV
ecadGFPnbG4,0hAPF,-442.15729598257997,204.32111357709908,-317.6968369455749,16.583859453848262,13.211623491074002,0.010079261133570418,0.007024821175072804,Along_DV
ecadGFPnbG4,0hAPF,-432.8658229554053,208.38057430148297,-309.54097384127766,15.744186114101788,13.01323983347673,0.008961789343449735,0.004765065876326591,Along_DV
ecadGFPnbG4,0hAPF,-423.5743499282306,211.78487622103205,-301.0400559796879,15.12102453336748,12.927471912129276,0.008077806825727897,0.0033610863923262593,Along_DV
ecadGFPnbG4,0hAPF,-414.28287690105594,214.55919750471168,-292.290561150346,14.63955273334921,12.893621579155393,0.007379032628206444,0.002711768230531095,Along_DV
ecadGFPnbG4,0hAPF,-404.9914038738813,216.73639422387487,-283.36640537299036,14.235157679626324,12.882822470155283,0.00676684585936079,0.0023788271661256215,Along_DV
ecadGFPnbG4,0hAPF,-395.69993084670665,218.354728674323,-274.32274084502154,13.858924596164314,12.882077103998224,0.006186075358027667,0.0020788132764390016,Along_DV
ecadGFPnbG4,0hAPF,-386.408457819532,219.45562188113678,-265.19977034007707,13.479223639850721,12.885799874055586,0.005624661302491777,0.0017393658273331459,Along_DV
ecadGFPnbG4,0hAPF,-377.1169847923573,220.08149659292178,-256.0265608278072,13.08013604527541,12.891618643462998,0.005097027035000912,0.0013848870730663566,Along_DV
ecadGFPnbG4,0hAPF,-367.8255117651826,220.27357245425753,-246.8243535879218,12.658125707669592,12.898426807941215,0.004626906270365806,0.0010670625324952297,Along_DV
ecadGFPnbG4,0hAPF,-358.53403873800795,220.06963564623877,-237.60912378919406,12.218100184037445,12.905451806184724,0.004233788314636147,0.0008391641282822614,Along_DV
ecadGFPnbG4,0hAPF,-349.2425657108333,219.50218586162953,-228.3937476644253,11.769489194864661,12.911663702487076,0.003924362921968187,0.0007187555931786548,Along_DV
ecadGFPnbG4,0hAPF,-339.95109268365866,218.5975369676613,-219.1900645319037,11.322704595716862,12.915593332943116,0.0036954208654111113,0.0006681584571509981,Along_DV
ecadGFPnbG4,0hAPF,-330.659619656484,217.37588166352293,-210.01009544386895,10.886984443692175,12.915423080050214,0.0035379266381082367,0.0006398018717877342,Along_DV
ecadGFPnbG4,0hAPF,-321.3681466293093,215.85191017404125,-200.86618415181385,10.469743340439944,12.909099456056842,0.0034429511531073416,0.0006109768268679119,Along_DV
ecadGFPnbG4,0hAPF,-312.07667360213463,214.03551187054177,-191.7709368822062,10.076238417549979,12.894376313536194,0.003402295468953694,0.0005811117618773486,Along_DV
ecadGFPnbG4,0hAPF,-302.78520057495996,211.9324773755373,-182.73716025882104,9.709274193143386,12.868810333965502,0.0034083122395123316,0.0005636160400476774,Along_DV
ecadGFPnbG4,0hAPF,-293.4937275477853,209.5452006674161,-173.77779922507324,9.368967401480521,12.82974508233684,0.0034535042682035935,0.0005767951918335676,Along_DV
ecadGFPnbG4,0hAPF,-284.2022545206106,206.87338118513009,-164.9058749663496,9.052647897768315,12.7743203033151,0.003530067914161744,0.0006309065201890343,Along_DV
ecadGFPnbG4,0hAPF,-274.91078149343593,203.914725932883,-156.1344228323411,8.754985777959604,12.699534570619344,0.0036295004405798976,0.0007198013835570282,Along_DV
ecadGFPnbG4,0hAPF,-265.61930846626126,200.6656515853199,-147.47643025746856,8.46840821707569,12.60237548156774,0.003742377174738086,0.0008257906026259525,Along_DV
ecadGFPnbG4,0hAPF,-256.3278354390866,197.1219875470586,-138.9447709997662,8.183813341808666,12.480011777121726,0.003858116519238685,0.0009288265949199757,Along_DV
ecadGFPnbG4,0hAPF,-247.0363624119119,193.27968547501274,-130.55210047726905,7.891513438064175,12.329985252223443,0.003965729147172328,0.0010114270700347517,Along_DV
ecadGFPnbG4,0hAPF,-237.74488938473726,189.1355092626814,-122.3107385225679,7.582291639756385,12.150345910949987,0.0040556376847494455,0.0010594343253290972,Along_DV
ecadGFPnbG4,0hAPF,-228.4534163575626,184.68767908720147,-114.23265031579598,7.248502725502058,11.939787136044961,0.004121435523130037,0.0010648529129348569,Along_DV
ecadGFPnbG4,0hAPF,-219.1619433303879,179.93634180701673,-106.32946755782444,6.885020048307228,11.697706159303255,0.004163560693823317,0.001029546012219011,Along_DV
ecadGFPnbG4,0hAPF,-209.87047030321327,174.88362787636152,-98.61253471853992,6.489625162725402,11.424161695798894,0.004186047864221188,0.0009605635422624314,Along_DV
ecadGFPnbG4,0hAPF,-200.5789972760386,169.53348192603426,-91.09298337961255,6.062943880501949,11.119784527407619,0.004193730287996629,0.0008664263289317365,Along_DV
ecadGFPnbG4,0hAPF,-191.28752424886392,163.8914759397351,-83.78180914245522,5.608184448029253,10.785658632070085,0.00419177721539515,0.0007566369182389561,Along_DV
ecadGFPnbG4,0hAPF,-181.99605122168924,157.9646224234137,-76.68994853765847,5.130754179163375,10.423189582188112,0.004185297386293074,0.000641850900319715,Along_DV
ecadGFPnbG4,0hAPF,-172.70457819451457,151.76118757461592,-69.82835593442552,4.637801322578218,10.033977067279665,0.00417903342371239,0.0005346740770882701,Along_DV
ecadGFPnbG4,0hAPF,-163.4131051673399,145.2905044518314,-63.208080450007174,4.13771566868823,9.619706907204032,0.0041771624370106775,0.0004504207380480297,Along_DV
ecadGFPnbG4,0hAPF,-154.12163214016522,138.56278614384064,-56.84034285913685,3.6396111222044603,9.182075310125503,0.004183197997750162,0.00040447297507014964,Along_DV
ecadGFPnbG4,0hAPF,-144.83015911299054,131.58893893906242,-50.7366125034655,3.1528071735479277,8.722754440433226,0.004199978754028862,0.00040173255840483574,Along_DV
ecadGFPnbG4,0hAPF,-135.53868608581587,124.38037549490068,-44.90868420099661,2.686324187540285,8.24340361833807,0.0042297244729769656,0.0004287183913625903,Along_DV
ecadGFPnbG4,0hAPF,-126.2472130586412,116.94882788132213,-39.36875538928248,2.2484103739230914,7.745724976992149,0.0042742197549124235,0.00046354183124632637,Along_DV
ecadGFPnbG4,0hAPF,-116.95574003146658,109.30615562748483,-34.12951022719655,1.8461357220359,7.231563632880362,0.004334927963138757,0.0004891623001439262,Along_DV
ecadGFPnbG4,0hAPF,-107.6642670042919,101.46414232281282,-29.20417630674696,1.485126547394065,6.703034646879449,0.004410851333360593,0.0004983078369765148,Along_DV
ecadGFPnbG4,0hAPF,-98.37279397711723,93.43438523957587,-24.60643303670825,1.1695771337796814,6.162597221480684,0.004498608753670015,0.0004903268430805394,Along_DV
ecadGFPnbG4,0hAPF,-89.08132094994255,85.22839056938423,-20.35022474383008,0.9026403627948467,5.613076094956266,0.00459458246353886,0.00046774225543533027,Along_DV
ecadGFPnbG4,0hAPF,-79.78984792276788,76.85773399536158,-16.449561265985714,0.6869826451962789,5.05764422112728,0.004695212955047653,0.00043539650510402263,Along_DV
ecadGFPnbG4,0hAPF,-70.4983748955932,68.33422312318845,-12.91831833149836,0.5250780650966282,4.49977524691826,0.004796995814175286,0.00040027217070597927,Along_DV
ecadGFPnbG4,0hAPF,-61.20690186841853,59.67005991214554,-9.770037938467588,0.41792715276570586,3.943183819999037,0.00489651178577393,0.00037123773444854556,Along_DV
ecadGFPnbG4,0hAPF,-51.91542884124385,50.878003106156974,-7.017728734095677,0.3604989184331867,3.3917859561275616,0.0049904987403236924,0.0003575123056827137,Along_DV
ecadGFPnbG4,0hAPF,-42.62395581406918,41.971530664833715,-4.673666394014024,0.3379354483120258,2.8497444014167677,0.00507596723483769,0.00036494009283076446,Along_DV
ecadGFPnbG4,0hAPF,-33.3324827868945,32.9650021945168,-2.7491940016095056,0.3311918124005233,2.321753355625507,0.005150352752364038,0.0003926173286910558,Along_DV
ecadGFPnbG4,0hAPF,-24.041009759719827,23.873821379320717,-1.2545224273508668,0.32620561210680155,1.8140009823308143,0.0052116894512107504,0.00043416728112208975,Along_DV
ecadGFPnbG4,0hAPF,-14.74953673254521,14.714598412176768,-0.19853070811510481,0.31637883465137917,1.3373104081520202,0.005258784740034038,0.0004819816226595531,Along_DV
ecadGFPnbG4,0hAPF,-5.4580637053705345,5.505312425876152,0.4114335734861761,0.3008849822022194,0.9185731690030744,0.005291373247202612,0.0005300063459122433,Along_DV
ecadGFPnbG4,0hAPF,3.8334093218041403,-3.7345261327741417,0.5697538840966629,0.28323340279380643,0.6425733849543622,0.0053102665048850445,0.0005745211699429502,Along_DV
ecadGFPnbG4,0hAPF,13.124882348978815,-12.9837395526505,0.27273240477405636,0.27086237998857404,0.6721120160953522,0.00531834394545923,0.000615143389129222,Along_DV
ecadGFPnbG4,0hAPF,22.41635537615349,-22.219576142033084,-0.4813257983357937,0.2740625317111112,0.9585754483287693,0.005319667077214455,0.0006538676358579048,Along_DV
ecadGFPnbG4,0hAPF,31.707828403328165,-31.41807257058477,-1.6921500776398617,0.30183896973049873,1.3332624725324838,0.005317394466167634,0.0006923796751732234,Along_DV
ecadGFPnbG4,0hAPF,40.99930143050284,-40.55446218574448,-3.357562264249177,0.35729491010690106,1.7312927056965706,0.0053135919466445886,0.0007313695766003012,Along_DV
ecadGFPnbG4,0hAPF,50.29077445767746,-49.60358366199929,-5.47353487841802,0.4388283161865776,2.134216797703748,0.005309192648521813,0.0007702598025797224,Along_DV
ecadGFPnbG4,0hAPF,59.58224748485213,-58.540289650156666,-8.03424933998317,0.5447185116978654,2.5366423445854407,0.0053039918577035385,0.0008071570307106685,Along_DV
ecadGFPnbG4,0hAPF,68.87372051202681,-67.33985542661628,-11.03215417880304,0.6754636649022032,2.937491107663106,0.005296679211546912,0.0008389800385995179,Along_DV
ecadGFPnbG4,0hAPF,78.16519353920148,-75.97838754264237,-14.458023245196914,0.8337232198293804,3.3373715049444064,0.005284914889114922,0.0008617377674320813,Along_DV
ecadGFPnbG4,0hAPF,87.45666656637616,-84.43323247363566,-18.301013920384158,1.0233906967474398,3.7375689290847944,0.005265456036293026,0.0008709451588628349,Along_DV
ecadGFPnbG4,0hAPF,96.74813959355083,-92.6833852684056,-22.54872532692341,1.2485364081057826,4.139524910837136,0.005234332730470501,0.0008621656962570482,Along_DV
ecadGFPnbG4,0hAPF,106.0396126207255,-100.70989819844243,-27.18725653915179,1.5124763982760938,4.544468342831203,0.005187060072209571,0.0008316666890158267,Along_DV
ecadGFPnbG4,0hAPF,115.33108564790018,-108.49628940358109,-32.201264797240604,1.817055801850598,4.9530852430412065,0.005118871129837882,0.0007772115015049313,Along_DV
ecadGFPnbG4,0hAPF,124.62255867507486,-116.02894665349086,-37.574028612827334,2.162154003338698,5.365195883752898,0.005025803670150753,0.0006994563119559693,Along_DV
ecadGFPnbG4,0hAPF,133.91403170224953,-123.2974614323225,-43.28756944411879,2.545447685646565,5.779496849595182,0.00490717418486833,0.0006050133624602532,Along_DV
ecadGFPnbG4,0hAPF,143.2055047294242,-130.29468428596044,-49.32288023729093,2.9624799449792363,6.19344480565373,0.004766216729923674,0.0005090250216829664,Along_DV
ecadGFPnbG4,0hAPF,152.49697775659888,-137.01641464951228,-55.660187832885896,3.4069445254650907,6.60325073525609,0.004607721318153582,0.00043429824961954125,Along_DV
ecadGFPnbG4,0hAPF,161.78845078377356,-143.4609805663361,-62.279225509007,3.871065667163659,7.003979654366227,0.004437009073369758,0.00040825351233549236,Along_DV
ecadGFPnbG4,0hAPF,171.07992381094823,-149.62881400348266,-69.15951347843315,4.34604105685768,7.389778734025908,0.00425950759817372,0.00044341811469564475,Along_DV
ecadGFPnbG4,0hAPF,180.3713968381229,-155.52202637832767,-76.28063981395584,4.82251093255196,7.754213904648267,0.004080523782017762,0.0005232483663304025,Along_DV
ecadGFPnbG4,0hAPF,189.66286986529758,-161.14398408524363,-83.62254137375851,5.2910256938129505,8.090680290326631,0.0039051387766253086,0.0006220309335106467,Along_DV
ecadGFPnbG4,0hAPF,198.95434289247225,-166.49888402227174,-91.16578472679613,5.742496585329508,8.392854125815898,0.0037382035853828046,0.0007210465316597479,Along_DV
ecadGFPnbG4,0hAPF,208.24581591964693,-171.5913291177937,-98.89184707817458,6.168619034773283,8.655159485333858,0.0035844069998748874,0.0008085164684735521,Along_DV
ecadGFPnbG4,0hAPF,217.5372889468216,-176.42590385720382,-106.7833971945301,6.562258891363284,8.87322924253238,0.003448382655113,0.0008766282142846687,Along_DV
ecadGFPnbG4,0hAPF,226.82876197399617,-181.00674980991138,-114.82457632836505,6.917790232409547,9.044344719380206,0.00333481284889766,0.0009198685987583991,Along_DV
ecadGFPnbG4,0hAPF,236.12023500117084,-185.33714341550433,-123.00127201262818,7.231368259460732,9.167832937265853,0.0032476937823891,0.0009352100611345896,Along_DV
ecadGFPnbG4,0hAPF,245.41170802834552,-189.41910648781652,-131.3012885984312,7.501083870447297,9.245289519787814,0.003189509445014579,0.0009226204383300533,Along_DV
ecadGFPnbG4,0hAPF,254.7031810555202,-193.25307992701812,-139.71433089768954,7.7269515746732385,9.280525876887953,0.0031612450541502095,0.0008865899608485507,Along_DV
ecadGFPnbG4,0hAPF,263.99465408269486,-196.8377514571215,-148.231823559158,7.910695792236305,9.27931564385106,0.0031595821462771863,0.0008404339575862537,Along_DV
ecadGFPnbG4,0hAPF,273.28612710986954,-200.17019843782015,-156.84657558561227,8.0553801359886,9.248932102447355,0.0031806173792188717,0.0008019667122609636,Along_DV
ecadGFPnbG4,0hAPF,282.5776001370442,-203.24614181355403,-165.55244596887024,8.165102135531576,9.197616298045086,0.0032204230249567667,0.0007893950268791621,Along_DV
ecadGFPnbG4,0hAPF,291.8690731642189,-206.06018757737633,-174.34400279900768,8.244829699648289,9.134047323263298,0.0032751336072420617,0.0008147662227141381,Along_DV
ecadGFPnbG4,0hAPF,301.16054619139356,-208.60604046915506,-183.21616429311,8.30039867526994,9.066827202317876,0.0033406435540137207,0.0008767575394582304,Along_DV
ecadGFPnbG4,0hAPF,310.45201921856824,-210.87671013455173,-192.16383551870885,8.338679756623003,9.003974526671177,0.003412573752760272,0.0009611968590632549,Along_DV
ecadGFPnbG4,0hAPF,319.7434922457429,-212.86471713576856,-201.1815450342838,8.367856870575245,8.952419619570316,0.003486463912671915,0.0010481632682944044,Along_DV
ecadGFPnbG4,0hAPF,329.0349652729176,-214.56229896229632,-210.26308152976537,8.397688243424353,8.917489318260062,0.003558208600131684,0.0011185670919448374,Along_DV
ecadGFPnbG4,0hAPF,338.32643830009226,-215.9616160415601,-219.40113046706517,8.439556432213664,8.902369418993299,0.0036247263885801255,0.0011581295425358781,Along_DV
ecadGFPnbG4,0hAPF,347.61791132726694,-217.05494357238604,-228.58691467697346,8.506088709903088,8.907549992751738,0.0036873627982186054,0.0011606408616636034,Along_DV
ecadGFPnbG4,0hAPF,356.9093843544416,-217.83459132089604,-237.80991087245297,8.610439565663135,8.930382005802015,0.0037575935313399166,0.001135214997101121,Along_DV
ecadGFPnbG4,0hAPF,366.2008573816163,-218.29225613891384,-247.0577244674092,8.765476758335328,8.964938717230844,0.003851588830481456,0.0011265622923811373,Along_DV
ecadGFPnbG4,0hAPF,375.49233040879096,-218.4181561476117,-256.3159907717048,8.982589015258606,9.002124724111617,0.003997074411171657,0.0012442741707568293,Along_DV
ecadGFPnbG4,0hAPF,384.78380343596564,-218.1993948000581,-265.5677952209819,9.271185397465565,9.029852633376398,0.00425559562815407,0.001623633754343353,Along_DV
ecadGFPnbG4,0hAPF,394.0752764631403,-217.61629439006836,-274.7916604638878,9.641001542834667,9.03319038437451,0.0047093438154537995,0.0023259576275384336,Along_DV
ecadGFPnbG4,0hAPF,403.366749490315,-216.63750939451688,-283.95814674391045,10.1071758645278,8.994856585763127,0.005442129748701677,0.0033521781084049963,Along_DV
ecadGFPnbG4,0hAPF,412.65822251748966,-215.21489265863852,-293.02589350638294,10.697945643271996,8.896417803910264,0.006506422170099569,0.004591286042005673,Along_DV
ecadGFPnbG4,0hAPF,421.94969554466434,-213.2782550406481,-301.93718540229804,11.464368523726337,8.72080536481511,0.007864235314810179,0.005637581528370333,Along_DV
ecadGFPnbG4,0hAPF,431.2411685718389,-210.7298845436822,-310.61313809360865,12.490103399250962,8.456117639623095,0.00939478414162389,0.005854078131536973,Along_DV
ecadGFPnbG4,0hAPF,440.5326415990136,-207.4388857982137,-318.9487328601051,13.897949657920837,8.101224819262804,0.011134424172581838,0.005376989710404791,Along_DV
ecadGFPnbG4,0hAPF,449.82411462618836,-203.23549908815755,-326.80783522304586,15.849621552585482,7.675241924540234,0.0134134730162441,0.006037460845399955,Along_DV
ecadGFPnbG4,2hAPF,-516.7673722472899,194.6058433283035,-395.5138571794974,18.991372997134576,9.06102153606158,0.01335618203435746,0.012325929698803898,Along_DV
ecadGFPnbG4,2hAPF,-506.29801220547733,201.44999475035758,-388.88207909035964,15.37804018942643,6.524317302573016,0.014848224160156354,0.010360638297197654,Along_DV
ecadGFPnbG4,2hAPF,-495.82865216366474,206.89849884515075,-381.23341390222987,12.28463708428174,5.018308864852817,0.014929355319922382,0.009037686538345946,Along_DV
ecadGFPnbG4,2hAPF,-485.35929212185215,211.07296118706103,-372.80422288240436,9.695161558052266,4.361514967592792,0.014079329591830936,0.008801562261514835,Along_DV
ecadGFPnbG4,2hAPF,-474.88993208003956,214.1026758146195,-363.7885913617957,7.636171505062231,4.269939490831736,0.012374456993532644,0.007961042247374065,Along_DV
ecadGFPnbG4,2hAPF,-464.42057203822696,216.12171637572527,-354.3427587873072,6.147239139507022,4.435499322117654,0.010245549276286087,0.006502416844380136,Along_DV
ecadGFPnbG4,2hAPF,-453.9512119964144,217.26602727286172,-344.58954877420854,5.23554099637643,4.656826045565844,0.008166776886876288,0.005062781119900117,Along_DV
ecadGFPnbG4,2hAPF,-443.4818519546018,217.6705148083112,-334.6227991585103,4.818208086921734,4.843010150008273,0.006348265710496612,0.003912867629918308,Along_DV
ecadGFPnbG4,2hAPF,-433.0124919127892,217.46613832937078,-324.51179204933925,4.723178422625887,4.96701524344892,0.004813739113339032,0.0030161470479295443,Along_DV
ecadGFPnbG4,2hAPF,-422.5431318709766,216.77700137356783,-314.30568388131337,4.773108362199812,5.032059339639052,0.0035324355363752225,0.0022767149704198387,Along_DV
ecadGFPnbG4,2hAPF,-412.073771829164,215.71744281387527,-304.03793546691713,4.850256720148478,5.053080443109834,0.0024767385942655235,0.0016476119970014254,Along_DV
ecadGFPnbG4,2hAPF,-401.6044117873514,214.3891262788195,-293.73073590243143,4.896619946105524,5.046257151607297,0.0016340941563337597,0.0011446643660439184,Along_DV
ecadGFPnbG4,2hAPF,-391.1350517455388,212.87799646453723,-283.3990897160801,4.889023343640938,5.023453602571128,0.0010068431526366539,0.0008241171350027345,Along_DV
ecadGFPnbG4,2hAPF,-380.6656917037262,211.25109701611603,-273.05366642891204,4.819371454158496,4.990843586925916,0.0005884699099115811,0.0006992721493637023,Along_DV
ecadGFPnbG4,2hAPF,-370.19633166191363,209.55520632034785,-262.7031546300758,4.685897594799856,4.9509687986252295,0.0003548717023872009,0.0006813140094798295,Along_DV
ecadGFPnbG4,2hAPF,-359.72697162010104,207.8179651399414,-252.3555836232343,4.490481492862368,4.905107811903606,0.00027729606118664484,0.0006800525877179503,Along_DV
ecadGFPnbG4,2hAPF,-349.25761157828845,206.05010805418524,-242.01863252726042,4.238035054912501,4.854639529489592,0.000331283158601304,0.0006561978561218245,Along_DV
ecadGFPnbG4,2hAPF,-338.78825153647585,204.24779430341795,-231.6998377169666,3.9367289786145707,4.801874639647179,0.0004950244397688418,0.0006027631939826438,Along_DV
ecadGFPnbG4,2hAPF,-328.31889149466326,202.39493873868088,-221.4068001562354,3.5982715710353737,4.750257124458389,0.0007481660256427721,0.0005271074198387866,Along_DV
ecadGFPnbG4,2hAPF,-317.84953145285067,200.46554277137108,-211.14739273114964,3.237925608941418,4.703968775658672,0.0010710775307179814,0.0004452425338315718,Along_DV
ecadGFPnbG4,2hAPF,-307.3801714110381,198.4260253228942,-200.92996758312384,2.8741718384486497,4.667128384043757,0.0014443295473682378,0.0003834210711393422,Along_DV
ecadGFPnbG4,2hAPF,-296.9108113692255,196.23755377431755,-190.76356344203396,2.5279174675420037,4.642867988639452,0.0018482302031679182,0.00037517231075081674,Along_DV
ecadGFPnbG4,2hAPF,-286.4414513274129,193.8583749160225,-180.6581129593484,2.2209320123470833,4.632592186731343,0.002262417402642005,0.0004324104577365788,Along_DV
ecadGFPnbG4,2hAPF,-275.9720912856003,191.24614589735793,-170.62465004125858,1.9728848954286144,4.635663026897701,0.0026656373972049245,0.00052879641357179,Along_DV
ecadGFPnbG4,2hAPF,-265.50273124378776,188.36026473912517,-160.67551717507706,1.796613534854289,4.6496011475099435,0.0030361475032686597,0.0006276547144938336,Along_DV
ecadGFPnbG4,2hAPF,-255.03337120197517,185.16414366231902,-150.82456283678212,1.6933153242684993,4.670693178169127,0.0033559664854001135,0.0006974195131893794,Along_DV
ecadGFPnbG4,2hAPF,-244.56401116016258,181.6269802166193,-141.08718676020666,1.652056135039126,4.694685288674171,0.0036182607876887466,0.0007166884329204775,Along_DV
ecadGFPnbG4,2hAPF,-234.09465111835,177.72435788443696,-131.48017577147323,1.655537662230566,4.717308336799001,0.0038265718352734823,0.0006842353927186119,Along_DV
ecadGFPnbG4,2hAPF,-223.6252910765374,173.43794913986252,-122.02161458680185,1.6875622130624979,4.7346027372654165,0.003987121051956428,0.0006087725804928082,Along_DV
ecadGFPnbG4,2hAPF,-213.1559310347248,168.7550645125043,-112.73083356950289,1.7367120074012121,4.742964901466255,0.004107788449597994,0.0005083327781862413,Along_DV
ecadGFPnbG4,2hAPF,-202.6865709929122,163.66819992256336,-103.62835696321073,1.79580306491917,4.739004928237795,0.0041973536878707,0.0004130562932879151,Along_DV
ecadGFPnbG4,2hAPF,-192.21721095109962,158.1745840159089,-94.735851125118,1.8594466336283284,4.719350831250664,0.004264616460460785,0.0003657005315815628,Along_DV
ecadGFPnbG4,2hAPF,-181.74785090928702,152.27572549915345,-86.07607275920911,1.921770492466655,4.680508455771466,0.004317726141565485,0.00039290677499685407,Along_DV
ecadGFPnbG4,2hAPF,-171.27849086747443,145.97696047472795,-77.67281714949429,1.9752650875973945,4.618847135312505,0.004363890421644676,0.0004690905619346652,Along_DV
ecadGFPnbG4,2hAPF,-160.80913082566184,139.28699977595707,-69.55086639324348,2.010858156416266,4.530740735526593,0.004409445556466103,0.000552899599676413,Along_DV
ecadGFPnbG4,2hAPF,-150.33977078384925,132.21747630213443,-61.73593763422021,2.018858978980485,4.412858990651449,0.0044601481989708066,0.0006183071233545972,Along_DV
ecadGFPnbG4,2hAPF,-139.87041074203665,124.78249235359765,-54.254631295915445,1.9903157872493866,4.262578738832844,0.004521513184511069,0.000651579476099704,Along_DV
ecadGFPnbG4,2hAPF,-129.40105070022406,116.99816673373444,-47.13437920958681,1.9184528036480009,4.078469451250168,0.004599060580177806,0.0006453584776359575,Along_DV
ecadGFPnbG4,2hAPF,-118.93169065841147,108.88217249768377,-40.40338480885406,1.7999588217229674,3.860799316641198,0.004697540321564031,0.0005982974030931177,Along_DV
ecadGFPnbG4,2hAPF,-108.46233061659888,100.4533360091564,-34.09046935055895,1.6356555413215945,3.6119038232286984,0.004817254632184045,0.000518918074441883,Along_DV
ecadGFPnbG4,2hAPF,-97.99297057478628,91.73151844220232,-28.224688144964308,1.430360333146929,3.3361465986446364,0.004956386271004442,0.0004200440323061676,Along_DV
ecadGFPnbG4,2hAPF,-87.52361053297369,82.73762834511297,-22.834848061297276,1.1925116757002647,3.0396469916077167,0.005111748121544952,0.00032152441813197333,Along_DV
ecadGFPnbG4,2hAPF,-77.0542504911611,73.49363984720053,-17.949020690146206,0.9340365041769236,2.7299601574461967,0.005278491259769881,0.000261986170180861,Along_DV
ecadGFPnbG4,2hAPF,-66.5848904493485,64.02261086557749,-13.594055505857673,0.6713969342428285,2.41580010522459,0.005449965169672018,0.00028734873840345534,Along_DV
ecadGFPnbG4,2hAPF,-56.115530407535914,54.348701311936246,-9.79509302893347,0.43203578580674057,2.1069429078226305,0.005617805108386848,0.00038028545951439773,Along_DV
ecadGFPnbG4,2hAPF,-45.64617036572332,44.49719129932858,-6.5750779884275605,0.28431106645005194,1.8145435990065009,0.005772338508279007,0.0004913131860726229,Along_DV
ecadGFPnbG4,2hAPF,-35.17681032391073,34.49449934894518,-3.9542724843430705,0.32668204628444275,1.5522159160202185,0.005903377676366512,0.000589565976485427,Along_DV
ecadGFPnbG4,2hAPF,-24.707450282098137,24.368200596895257,-1.949769150029273,0.46618811381668507,1.3380825628653705,0.006001366417111067,0.0006572049745664478,Along_DV
ecadGFPnbG4,2hAPF,-14.2380902402856,14.147045000985997,-0.5750043145785526,0.5969796697701832,1.1964832649128787,0.00605867729937558,0.0006839374443929675,Along_DV
ecadGFPnbG4,2hAPF,-3.7687301984730084,3.860975547501964,0.16072883477661834,0.6865309933460323,1.1538431701945968,0.006070693051688387,0.0006665970646186027,Along_DV
ecadGFPnbG4,2hAPF,6.700629843339584,-6.458853916701225,0.25276621302350144,0.724850627326664,1.2240594561435914,0.006036683953065542,0.0006098094617278197,Along_DV
ecadGFPnbG4,2hAPF,17.169989885152177,-16.780099998211217,-0.29853285404775276,0.7111822001766608,1.398133106336057,0.00596375638666948,0.0005283251170659591,Along_DV
ecadGFPnbG4,2hAPF,27.63934992696477,-27.069455759702656,-1.4878705534977164,0.6515255780328106,1.6543266049595513,0.005862839542973652,0.00043941857583027513,Along_DV
ecadGFPnbG4,2hAPF,38.10870996877736,-37.29303505714198,-3.3054662135359196,0.5591291138885397,1.9723460901473102,0.00574380901424365,0.0003554735343815427,Along_DV
ecadGFPnbG4,2hAPF,48.578070010589954,-47.41677298156699,-5.737549637047088,0.45906846629307985,2.3372930053853866,0.005615010399248407,0.0002819643541485273,Along_DV
ecadGFPnbG4,2hAPF,59.04743005240255,-57.40682632195609,-8.766854484493516,0.39825249912096755,2.7379929240398493,0.00548326646365457,0.0002178002231291096,Along_DV
ecadGFPnbG4,2hAPF,69.51679009421514,-67.22997402809717,-12.373111656817407,0.4325562126553491,3.1649570218727474,0.005354044973673433,0.00015895339019119577,Along_DV
ecadGFPnbG4,2hAPF,79.98615013602773,-76.85401767345684,-16.53354267834326,0.5606207493478895,3.609253355131258,0.005231597731303486,0.00010616485789170378,Along_DV
ecadGFPnbG4,2hAPF,90.45551017784032,-86.24818191804943,-21.223353079680216,0.7392160905416847,4.062116591416086,0.0051189772613866175,8.345538101194887e-05,Along_DV
ecadGFPnbG4,2hAPF,100.92487021965292,-95.38351497130614,-26.416225780624437,0.9401183136651995,4.514975577604002,0.005017917126394014,0.00012331792245039275,Along_DV
ecadGFPnbG4,2hAPF,111.39423026146551,-104.233289054944,-32.084814473061456,1.1531928485092082,4.959682902189735,0.0049286095744238865,0.00019368649276696746,Along_DV
ecadGFPnbG4,2hAPF,121.8635903032781,-112.77340086583509,-38.20123700386855,1.3787716865448705,5.3888251972814665,0.004849440156400916,0.00026738219062218626,Along_DV
ecadGFPnbG4,2hAPF,132.3329503450907,-120.9827720363591,-44.73756875577663,1.62309000255369,5.796049225620485,0.004776761452771737,0.00033044553539258607,Along_DV
ecadGFPnbG4,2hAPF,142.8023103869033,-128.8437414727497,-51.66632735213388,1.8946507547833975,6.176359468676881,0.004704823873072675,0.0003715929778067752,Along_DV
ecadGFPnbG4,2hAPF,153.27167042871588,-136.34234866167066,-58.960829743067606,2.2006239202499387,6.526247958479956,0.004627046143460353,0.00038441437795270637,Along_DV
ecadGFPnbG4,2hAPF,163.74103047052847,-143.46835315720824,-66.59529199661665,2.5439837791087783,6.843562730580378,0.004538263087706447,0.0003674247056718461,Along_DV
ecadGFPnbG4,2hAPF,174.21039051234106,-150.2150778232468,-74.54482124586796,2.9221996732998363,7.127295737709065,0.004434913086298719,0.0003242494494334207,Along_DV
ecadGFPnbG4,2hAPF,184.67975055415366,-156.57922851119264,-82.78539887994873,3.3275177468803783,7.377381539755816,0.004315169867495135,0.0002675050414826994,Along_DV
ecadGFPnbG4,2hAPF,195.14911059596625,-162.56071363255566,-91.29386370253322,3.748193836471655,7.5945251127963305,0.004178802685404387,0.00022797005628023273,Along_DV
ecadGFPnbG4,2hAPF,205.61847063777884,-168.162463731531,-100.0478950903492,4.170025633399243,7.780065936639508,0.004026769231451897,0.0002504239688880117,Along_DV
ecadGFPnbG4,2hAPF,216.08783067959143,-173.39025105758085,-109.02599615168496,4.577814448472772,7.935878137527851,0.003860653226862672,0.0003359879502672405,Along_DV
ecadGFPnbG4,2hAPF,226.55719072140403,-178.25250913801614,-118.20747688489598,4.956633479093828,8.064298858799654,0.0036820942014977333,0.0004475320793462226,Along_DV
ecadGFPnbG4,2hAPF,237.02655076321662,-182.76015235057807,-127.57243733691139,5.292899879868933,8.168069428164593,0.0034923453166175373,0.0005571838262424632,Along_DV
ecadGFPnbG4,2hAPF,247.4959108050292,-186.92639549602006,-137.10175076174096,5.575278132022371,8.250266994624365,0.0032920493930312456,0.0006475996108033651,Along_DV
ecadGFPnbG4,2hAPF,257.9652708468418,-190.76657337068931,-146.77704677898177,5.795432253507151,8.314199432317306,0.003081265970231113,0.0007066729648498191,Along_DV
ecadGFPnbG4,2hAPF,268.4346308886544,-194.2979602338211,-156.5806949780768,5.948622728384602,8.363236132337882,0.0028598775666418127,0.0007264242767286811,Along_DV
ecadGFPnbG4,2hAPF,278.903990930467,-197.53955876456249,-166.4958028847967,6.034092851884859,8.4005770139402,0.002630533322276644,0.0007063101194104249,Along_DV
ecadGFPnbG4,2hAPF,289.3733509722796,-200.51163380261534,-176.5062600519324,6.055056958351689,8.42901146220525,0.0024005450525664994,0.0006550516269444012,Along_DV
ecadGFPnbG4,2hAPF,299.8427110140922,-203.23491110136393,-186.59683437955033,6.018190240152038,8.450701858237187,0.0021780266013474306,0.000586361833740567,Along_DV
ecadGFPnbG4,2hAPF,310.31207105590477,-205.72975294361626,-196.75330918941486,5.932991668446238,8.467043367012886,0.0019714923631353742,0.0005170007346303364,Along_DV
ecadGFPnbG4,2hAPF,320.78143109771736,-208.01535051341892,-206.96262829224307,5.81129879078193,8.478626603936931,0.0017894775989642502,0.0004661855114450384,Along_DV
ecadGFPnbG4,2hAPF,331.25079113952995,-210.1089164751169,-217.2130411367957,5.667034454804799,8.485319352368323,0.0016401569340338332,0.00045135000738632207,Along_DV
ecadGFPnbG4,2hAPF,341.72015118134254,-212.02487755241418,-227.49424795896795,5.516184960458641,8.486456737266264,0.001531080081534289,0.0004787037591555109,Along_DV
ecadGFPnbG4,2hAPF,352.18951122315514,-213.77406710743358,-237.7975449308805,5.3768856416828745,8.481100330182574,0.0014690370619339925,0.0005399420011877279,Along_DV
ecadGFPnbG4,2hAPF,362.65887126496773,-215.36291771977739,-248.11596930997058,5.269302276825728,8.46830508489966,0.001460056923540836,0.0006215680706529242,Along_DV
ecadGFPnbG4,2hAPF,373.1282313067803,-216.7926537655876,-258.4444445880828,5.21480778259445,8.447323678183338,0.001509551158428828,0.0007135143483982972,Along_DV
ecadGFPnbG4,2hAPF,383.5975913485929,-218.0584839966059,-268.7799256405598,5.233967471690561,8.417684744298018,0.0016226280296960706,0.0008120364156615306,Along_DV
ecadGFPnbG4,2hAPF,394.0669513904055,-219.14879414910942,-279.1215437329685,5.343355338755674,8.379109062736227,0.0018045642049792302,0.0009223851856258682,Along_DV
ecadGFPnbG4,2hAPF,404.5363114322181,-220.04435807884178,-289.47065403134394,5.552203294268688,8.331183892378123,0.002059514214690069,0.001063225297918693,Along_DV
ecadGFPnbG4,2hAPF,415.0056714740307,-220.71767729743465,-299.8298542598419,5.860488435375806,8.272121211606326,0.0023981377475747233,0.0012665813017359521,Along_DV
ecadGFPnbG4,2hAPF,425.4750315158433,-221.13193217846788,-310.1998993418334,6.259647390016782,8.197410550720166,0.0028489162202274252,0.001581850659026594,Along_DV
ecadGFPnbG4,2hAPF,435.9443915576559,-221.23912697762074,-320.5748444339201,6.736042166071363,8.100225451702057,0.0034541027453973564,0.0020988328206700316,Along_DV
ecadGFPnbG4,2hAPF,446.41375159946847,-220.97819900670873,-330.93650484747496,7.276226896341057,7.973340070909337,0.004276973209307819,0.0029398638882274387,Along_DV
ecadGFPnbG4,2hAPF,456.88311164128106,-220.2731713260498,-341.2488195989067,7.873209545899896,7.813663786546965,0.005401931834464217,0.004225314551320856,Along_DV
ecadGFPnbG4,2hAPF,467.35247168309365,-219.03130623285492,-351.4522134086373,8.53455763775033,7.632221819930761,0.0069012383358068195,0.005989013898793548,Along_DV
ecadGFPnbG4,2hAPF,477.82183172490625,-217.1412587496187,-361.45795870007896,9.294649332460041,7.474787111197111,0.0087156811839588,0.007947774846754484,Along_DV
ecadGFPnbG4,2hAPF,488.2911917667187,-214.47123011250898,-371.14253759861134,10.23333796469078,7.459294504655118,0.010487117481939683,0.009277498221125276,Along_DV
ecadGFPnbG4,2hAPF,498.7605518085313,-210.86712125975782,-380.3420039305594,11.499887405590103,7.822449013731098,0.011742514734731074,0.009535282802277407,Along_DV
ecadGFPnbG4,2hAPF,509.2299118503439,-206.1506863200515,-388.8463452221693,13.332694583635652,8.920525287940665,0.012344556604162425,0.010280512385306367,Along_DV
ecadGFPnbG4,2hAPF,519.6992718921566,-200.11768610092062,-396.393844698587,16.058196817674492,11.12335510786261,0.011779634169927158,0.010975623424736656,Along_DV
ecadGFPnbG4,4hAPF,-506.9139197856324,179.39833061871332,-405.6347252093322,25.65663784002939,15.442199755346156,0.005276365292772714,0.008406894085126649,Along_DV
ecadGFPnbG4,4hAPF,-496.6083566975486,182.8817920534063,-396.2676416589171,23.622667176006715,16.36081213791493,0.005285979707731983,0.008447572028989292,Along_DV
ecadGFPnbG4,4hAPF,-486.3027936094648,185.8225219020665,-386.61284899096347,22.091468317484562,16.947557204298626,0.00496022600487483,0.007616952768710102,Along_DV
ecadGFPnbG4,4hAPF,-475.99723052138097,188.2774802305127,-376.7669281375044,20.935882172885144,17.27716590709711,0.004458609427677315,0.006158337609809505,Along_DV
ecadGFPnbG4,4hAPF,-465.6916674332972,190.2907492033637,-366.80052729680887,20.076055253260837,17.42843990975701,0.003994236257247132,0.004662442684143938,Along_DV
ecadGFPnbG4,4hAPF,-455.38610434521337,191.8978045258933,-356.7631666918901,19.463886062820386,17.46928807259623,0.0036301897536044963,0.00341548345168398,Along_DV
ecadGFPnbG4,4hAPF,-445.0805412571296,193.12946095531103,-346.68792728938234,19.067966154989698,17.452112027349237,0.0033356256217991734,0.0024545551206958073,Along_DV
ecadGFPnbG4,4hAPF,-434.77497816904577,194.01475409457043,-336.59553394578523,18.86212653621722,17.413468185394862,0.003078557915925858,0.001721737475357207,Along_DV
ecadGFPnbG4,4hAPF,-424.469415080962,194.58151142187808,-326.49716556632393,18.818375001528906,17.3761083763184,0.0028415458228764055,0.0011613553227193623,Along_DV
ecadGFPnbG4,4hAPF,-414.16385199287816,194.85579176481724,-316.3966709306386,18.904456049365834,17.35178266668723,0.0026181333825293605,0.0007655328186342336,Along_DV
ecadGFPnbG4,4hAPF,-403.8582889047944,194.8612414527732,-306.2927427107598,19.085014945447956,17.343873459284772,0.002410561882744269,0.0005936995497770765,Along_DV
ecadGFPnbG4,4hAPF,-393.55272581671056,194.61859349434332,-296.18113512770105,19.324310925554517,17.349882107578495,0.0022206822853251366,0.0006591117507545306,Along_DV
ecadGFPnbG4,4hAPF,-383.2471627286268,194.14577046119305,-286.0570281448509,19.588350718063637,17.364035096106164,0.0020512755167825065,0.000824003715148942,Along_DV
ecadGFPnbG4,4hAPF,-372.94159964054296,193.45825402265368,-275.91704388440394,19.8461964930361,17.379659340626084,0.001907013705392369,0.0009883360279246557,Along_DV
ecadGFPnbG4,4hAPF,-362.63603655245913,192.56925519389634,-265.7604286089365,20.07081862370931,17.390835941057986,0.001791323019088871,0.0011203589240311425,Along_DV
ecadGFPnbG4,4hAPF,-352.33047346437536,191.48965897948798,-255.5892974790625,20.239577131445007,17.3929875321115,0.0017062090344195926,0.001213943242401631,Along_DV
ecadGFPnbG4,4hAPF,-342.0249103762916,190.2278414675913,-245.4083314683724,20.334390108352736,17.382778610806742,0.0016528324586261819,0.0012711881848333642,Along_DV
ecadGFPnbG4,4hAPF,-331.71934728820776,188.78947585129995,-235.22442668336708,20.34160195473736,17.357929089324955,0.00163203892558978,0.001296663825471953,Along_DV
ecadGFPnbG4,4hAPF,-321.4137842001239,187.1773384620629,-225.04634365324455,20.251652437672966,17.316993802113306,0.0016446786182345674,0.001295276461721062,Along_DV
ecadGFPnbG4,4hAPF,-311.10822111204016,185.39112651025903,-214.8843566009874,20.058640440851786,17.259113321511716,0.0016908091045084452,0.0012716537143230024,Along_DV
ecadGFPnbG4,4hAPF,-300.8026580239564,183.42738502840513,-204.74990256870328,19.759895529404808,17.183747671598013,0.0017693990426557002,0.0012301807106540655,Along_DV
ecadGFPnbG4,4hAPF,-290.49709493587255,181.27957948351096,-194.65523518321427,19.35559157336399,17.090402164732147,0.0018788556559375745,0.0011740935531046244,Along_DV
ecadGFPnbG4,4hAPF,-280.1915318477887,178.9382834363882,-184.61311565275267,18.84841324846707,16.97832976282629,0.002016573396109782,0.0011049044332615845,Along_DV
ecadGFPnbG4,4hAPF,-269.88596875970495,176.39149529600778,-174.63655009362643,18.243324096513494,16.846207503361956,0.002179861953649681,0.001023646444566086,Along_DV
ecadGFPnbG4,4hAPF,-259.5804056716211,173.6249908492093,-164.738539836172,17.547367102273054,16.691822516007583,0.002365577218188511,0.0009315253708720567,Along_DV
ecadGFPnbG4,4hAPF,-249.27484258353735,170.6227144345824,-154.93186778958787,16.76943695178001,16.511805862416605,0.002569084479804841,0.000831238190611888,Along_DV
ecadGFPnbG4,4hAPF,-238.96927949545352,167.36728680974178,-145.22902768706345,15.919950477845385,16.301510798511185,0.0027849985618368304,0.0007266309252580586,Along_DV
ecadGFPnbG4,4hAPF,-228.66371640736975,163.84056916243415,-135.64241350893244,15.010486041194305,16.055177113033338,0.0030083335478816335,0.0006218435944700285,Along_DV
ecadGFPnbG4,4hAPF,-218.35815331928592,160.0241869913132,-126.18470393343918,14.053479581406547,15.76632321561509,0.0032339507101583503,0.000522200161872588,Along_DV
ecadGFPnbG4,4hAPF,-208.05259023120215,155.90004456912047,-116.86927794997563,13.061928883089932,15.42816334356045,0.00345684078472844,0.00043400587353432815,Along_DV
ecadGFPnbG4,4hAPF,-197.74702714311832,151.45083933451392,-107.71063070598905,12.049093833762413,15.034015585929238,0.0036725578947830262,0.0003637808996689918,Along_DV
ecadGFPnbG4,4hAPF,-187.44146405503454,146.66057628389694,-98.72478935389039,11.028194295248081,14.577706614583917,0.003877700594522446,0.0003162054999137148,Along_DV
ecadGFPnbG4,4hAPF,-177.13590096695071,141.51508236324693,-89.92972889796218,10.012108793945746,14.053978910440891,0.00407038060631201,0.0002907727469663512,Along_DV
ecadGFPnbG4,4hAPF,-166.83033787886689,136.00252085994435,-81.34578804126674,9.013078968423985,13.458905035198166,0.004250619491536491,0.0002804409656438077,Along_DV
ecadGFPnbG4,4hAPF,-156.5247747907831,130.11390572164422,-72.99608498478462,8.042426910419836,12.790311935500913,0.004420645962879383,0.0002751908303132894,Along_DV
ecadGFPnbG4,4hAPF,-146.21921170269928,123.84360621965564,-64.90692680909949,7.110291485789509,12.048218837681192,0.004585177666535324,0.00026673429010962276,Along_DV
ecadGFPnbG4,4hAPF,-135.9136486146155,117.18978588057563,-57.10816617932731,6.225369496549934,11.23531068168027,0.004750904893558034,0.000250655786246888,Along_DV
ecadGFPnbG4,4hAPF,-125.60808552653168,110.15473046820792,-49.63342865549685,5.394642065609575,10.35749795135985,0.004925661162842382,0.00022722528178209484,Along_DV
ecadGFPnbG4,4hAPF,-115.30252243844791,102.74506112744048,-42.52013116288833,4.623168649682174,9.424428771853524,0.005116909214497123,0.00020489353136987382,Along_DV
ecadGFPnbG4,4hAPF,-104.99695935036408,94.97170699668527,-35.80899850789931,3.9141265079879894,8.449486804706504,0.005329497949197623,0.0002064477116476904,Along_DV
ecadGFPnbG4,4hAPF,-94.6913962622803,86.84967165829289,-29.543078282895493,3.2690599056981067,7.449180021467742,0.005565921463298554,0.0002595154648253374,Along_DV
ecadGFPnbG4,4hAPF,-84.38583317419648,78.39776316676077,-23.76663916092287,2.6881737007087696,6.442365323902349,0.005826273546117987,0.00036874498403751787,Along_DV
ecadGFPnbG4,4hAPF,-74.0802700861127,69.63832340187052,-18.524066408658946,2.1706315827939044,5.449460270427398,0.006107740560428782,0.000523207196492066,Along_DV
ecadGFPnbG4,4hAPF,-63.774706998028876,60.596957421824655,-13.858757399363467,1.7148705633194947,4.491658641617912,0.006403838736304457,0.0007122111814511202,Along_DV
ecadGFPnbG4,4hAPF,-53.4691439099451,51.30226281638388,-9.81201712582968,1.3189768594172295,3.5901790294665163,0.006703526100920798,0.0009245173914264247,Along_DV
ecadGFPnbG4,4hAPF,-43.163580821861274,41.78555906000389,-6.421953713335115,0.9812619466573733,2.765620709295157,0.006990521691047425,0.0011447923352212643,Along_DV
ecadGFPnbG4,4hAPF,-32.8580177337775,32.08061686497267,-3.722373932592769,0.7014602366014057,2.0376354263365193,0.007243407920227784,0.0013519175187057802,Along_DV
ecadGFPnbG4,4hAPF,-22.552454645693672,22.22338753454719,-1.7416787127019437,0.48378102400548734,1.4255367491562256,0.007437225003211064,0.001519834978430061,Along_DV
ecadGFPnbG4,4hAPF,-12.246891557609842,12.251732316090783,-0.5017586540993777,0.3437209674760349,0.9515915862920835,0.007547005382372356,0.0016214409485215424,Along_DV
ecadGFPnbG4,4hAPF,-1.94132846952607,2.2051517542100534,-0.016889541510176947,0.3054261550257803,0.6487346757536492,0.00755281760233941,0.0016350522952809335,Along_DV
ecadGFPnbG4,4hAPF,8.364234618557703,-7.875485618690978,-0.2926344730946712,0.35400126416575756,0.5482960218964444,0.0074466384540134095,0.0015526225440397755,Along_DV
ecadGFPnbG4,4hAPF,18.66979770664159,-17.948247328283042,-1.3250728780045278,0.44081048191959255,0.6060586190423617,0.0072459845551100304,0.001391859599650808,Along_DV
ecadGFPnbG4,4hAPF,28.97536079472536,-27.97056123369573,-3.101230081405348,0.5402812282607481,0.7411594386648146,0.006981118888682914,0.0011840699261649503,Along_DV
ecadGFPnbG4,4hAPF,39.280923882809134,-37.89970747861745,-5.60018264291305,0.6471155708740924,0.9309178578561035,0.006682528826735738,0.0009608311766956818,Along_DV
ecadGFPnbG4,4hAPF,49.586486970892906,-47.69331489872634,-8.794208193574919,0.763217370621139,1.183963676553651,0.006376317200377916,0.0007486177096012814,Along_DV
ecadGFPnbG4,4hAPF,59.89205005897679,-57.309857429568396,-12.649935277306978,0.8923223240310538,1.5047657188190129,0.006082164463625308,0.0005678074360743267,Along_DV
ecadGFPnbG4,4hAPF,70.19761314706057,-66.70915051443453,-17.129493192331214,1.038214249674807,1.8855478012182845,0.005813307885228045,0.000434291587467019,Along_DV
ecadGFPnbG4,4hAPF,80.50317623514434,-75.85284751223922,-22.191661832613153,1.2043005204881918,2.3104209081296245,0.005577572160089564,0.00035823436715113667,Along_DV
ecadGFPnbG4,4hAPF,90.80873932322811,-84.70493610539752,-27.79302152929904,1.3937066504980575,2.7603468005324747,0.005378669118140609,0.00033429078935910906,Along_DV
ecadGFPnbG4,4hAPF,101.114302411312,-93.23223470770326,-33.88910289215335,1.6094896832000327,3.2162191925101773,0.005217326092064415,0.0003384863685334859,Along_DV
ecadGFPnbG4,4hAPF,111.41986549939577,-101.4048888722062,-40.435536650995836,1.8547665429109865,3.660618346878724,0.0050920599999758264,0.0003454509217258696,Along_DV
ecadGFPnbG4,4hAPF,121.72542858747954,-109.19686769909049,-47.3892034971393,2.132679913709279,4.078944255308467,0.004999544577909466,0.00034015714560475807,Along_DV
ecadGFPnbG4,4hAPF,132.0309916755633,-116.58646023902695,-54.70938388770581,2.4462051100571744,4.4602712035419065,0.0049345308374545965,0.0003178566526977876,Along_DV
ecadGFPnbG4,4hAPF,142.3365547636472,-123.5567680656013,-62.35887782166987,2.7978486716895916,4.797999310427229,0.004887882597030689,0.0002871504189421133,Along_DV
ecadGFPnbG4,4hAPF,152.64211785173097,-130.09613705757312,-70.30476894340458,3.1893543255601093,5.089964951462555,0.004845457617341875,0.0002715184778231079,Along_DV
ecadGFPnbG4,4hAPF,162.94768093981475,-136.19838946440274,-78.51848435794406,3.621618420133392,5.337789490112503,0.0047922740435465405,0.0002957705763613642,Along_DV
ecadGFPnbG4,4hAPF,173.25324402789863,-141.86281852972374,-86.97548676325202,4.0948257452738135,5.54589743869874,0.004715539465206079,0.00036064015664587223,Along_DV
ecadGFPnbG4,4hAPF,183.5588071159824,-147.09387416835366,-95.654812938098,4.608583679631226,5.720592257567562,0.004605324108491532,0.00044474567442393046,Along_DV
ecadGFPnbG4,4hAPF,193.86437020406618,-151.9006481443162,-104.53851272434478,5.161997501173935,5.869273670712244,0.004454825865514433,0.0005267817164223553,Along_DV
ecadGFPnbG4,4hAPF,204.16993329214995,-156.2963255389033,-113.61106850841738,5.753762107544334,5.999785097900581,0.004261081209713585,0.0005928532477586381,Along_DV
ecadGFPnbG4,4hAPF,214.47549638023384,-160.2976353918498,-122.85881419891658,6.382283990242029,6.119904499628612,0.00402540045295229,0.000636336468718963,Along_DV
ecadGFPnbG4,4hAPF,224.7810594683176,-163.92430134250813,-132.26935420423223,7.045814134480841,6.236982126775582,0.003753199555978969,0.000656957644938266,Along_DV
ecadGFPnbG4,4hAPF,235.08662255640138,-167.19849227102233,-141.83098241015713,7.742574886713092,6.357690661947262,0.0034531726352303653,0.0006593476454952596,Along_DV
ecadGFPnbG4,4hAPF,245.39218564448515,-170.14427293950317,-151.53210115750034,8.470867411201423,6.487810271921798,0.003136004015260558,0.0006508617406109804,Along_DV
ecadGFPnbG4,4hAPF,255.69774873256904,-172.78705463320222,-161.3606402197004,9.229149503191609,6.631939442823111,0.0028129769357888436,0.0006390734974202623,Along_DV
ecadGFPnbG4,4hAPF,266.0033118206528,-175.15304546464998,-171.3034794997211,10.016076610706042,6.793024389304051,0.0024949811392197033,0.0006299351010914157,Along_DV
ecadGFPnbG4,4hAPF,276.3088749087366,-177.268689181469,-181.34600388114964,10.830513520925306,6.971773978778168,0.0021920454734603717,0.0006270203881237168,Along_DV
ecadGFPnbG4,4hAPF,286.61443799682036,-179.16008201518656,-191.47210012012175,11.671538485416008,7.166290509702638,0.0019115049566164938,0.0006300265935565272,Along_DV
ecadGFPnbG4,4hAPF,296.92000108490424,-180.85243591661234,-201.66453718076576,12.538378296612947,7.371983854509253,0.0016578464740058983,0.0006368759597083463,Along_DV
ecadGFPnbG4,4hAPF,307.225564172988,-182.36960974075745,-211.90557365283522,13.430219339108644,7.581901012079834,0.0014338780806657876,0.0006454898779288789,Along_DV
ecadGFPnbG4,4hAPF,317.5311272610718,-183.7336609616404,-222.1776188854603,14.345966611950443,7.787343793692666,0.0012409753986182112,0.0006547976162729956,Along_DV
ecadGFPnbG4,4hAPF,327.8366903491557,-184.96447441119798,-232.46388337950188,15.284046343721524,7.978685854638124,0.0010777009889745644,0.0006655163729337759,Along_DV
ecadGFPnbG4,4hAPF,338.14225343723945,-186.0796092617651,-242.7490057472303,16.24236926760718,8.14633033251938,0.000941614790469761,0.000678240432469057,Along_DV
ecadGFPnbG4,4hAPF,348.4478165253232,-187.09425916523455,-253.01967980284002,17.218405600834505,8.281719202005037,0.000830325343982561,0.0006925918327966524,Along_DV
ecadGFPnbG4,4hAPF,358.753379613407,-188.0212268342647,-263.2652948978026,18.20931101261561,8.378314832509867,0.0007416814012672505,0.000707231413683391,Along_DV
ecadGFPnbG4,4hAPF,369.0589427014909,-188.8709002642388,-273.47857908772176,19.212082037741574,8.432494527056106,0.000673850641716824,0.0007200728780276095,Along_DV
ecadGFPnbG4,4hAPF,379.36450578957465,-189.65122897365072,-283.6562423309995,20.223724312000375,8.44430429215965,0.0006253410631106638,0.0007287093382127728,Along_DV
ecadGFPnbG4,4hAPF,389.6700688776584,-190.36770032216037,-293.79961937077866,21.241418811503866,8.418033572518338,0.000594915745380694,0.0007310751511574936,Along_DV
ecadGFPnbG4,4hAPF,399.9756319657422,-191.02334175034528,-303.91520691308676,22.262640078862994,8.362492154448912,0.0005802742362967991,0.0007263031242025486,Along_DV
ecadGFPnbG4,4hAPF,410.2811950538261,-191.6189253261749,-314.01436170292635,23.28498037941005,8.290283923587,0.0005788491946510917,0.0007169966176060629,Along_DV
ecadGFPnbG4,4hAPF,420.58675814190985,-192.15332533282555,-324.1119677595338,24.305696023696363,8.21632769923384,0.0005914132061531916,0.0007108620092544943,Along_DV
ecadGFPnbG4,4hAPF,430.8923212299936,-192.62376848281903,-334.22453124600906,25.32130036245086,8.156536549709186,0.0006176768969806504,0.0007163041885590139,Along_DV
ecadGFPnbG4,4hAPF,441.1978843180774,-193.02620678474935,-344.367700671758,26.327061295898154,8.12605355556472,0.0006562313630431198,0.0007354120312949931,Along_DV
ecadGFPnbG4,4hAPF,451.5034474061613,-193.35581253481587,-354.55351045973305,27.31646891296584,8.136860895630226,0.0007054187499687385,0.0007634451999345663,Along_DV
ecadGFPnbG4,4hAPF,461.80901049424506,-193.60748271621154,-364.7876039435665,28.280782472857652,8.194669194757093,0.0007629468354154266,0.000796410793430789,Along_DV
ecadGFPnbG4,4hAPF,472.11457358232883,-193.7763408596718,-375.0664309404965,29.208634392109023,8.294915007278812,0.0008254844981739843,0.0008420118031966762,Along_DV
ecadGFPnbG4,4hAPF,482.4201366704127,-193.85817968160742,-385.3743217046353,30.08565298755526,8.418472992560007,0.0008892649007311821,0.0009315326401599917,Along_DV
ecadGFPnbG4,4hAPF,492.7256997584965,-193.84969407368058,-395.68049981881353,30.894067332857535,8.528507368494406,0.0009442600215739193,0.001129941478723545,Along_DV
ecadGFPnbG4,4hAPF,503.03126284658026,-193.74863821221717,-405.9360987456761,31.612491796942205,8.570892169960537,0.0009553660321257181,0.0015557250604444387,Along_DV
ecadGFPnbG4,4hAPF,513.336825934664,-193.55425987225254,-416.0711118023304,32.2163811617171,8.48279641626469,0.0008060018743872735,0.0024972866483620668,Along_DV
